{"stats":{"minecraft:crafted":{"minecraft:oak_planks":16,"minecraft:crafting_table":2,"minecraft:stick":4,"minecraft:wooden_pickaxe":1,"minecraft:stone_pickaxe":1},"minecraft:mined":{"minecraft:grass":2,"minecraft:coal_ore":6,"minecraft:oak_log":4,"minecraft:gravel":2,"minecraft:dirt":10,"minecraft:stone":49,"minecraft:oak_planks":1,"minecraft:diorite":1,"minecraft:oak_leaves":2},"minecraft:dropped":{"alexsmobs:animal_dictionary":1},"minecraft:used":{"minecraft:stone_pickaxe":72,"minecraft:oak_planks":1,"minecraft:wooden_pickaxe":3,"minecraft:crafting_table":2,"minecraft:oak_sapling":1},"minecraft:killed":{"minecraft:skeleton":1,"minecraft:zombie":1},"minecraft:killed_by":{"minecraft:zombie":1},"minecraft:picked_up":{"minecraft:stick":1,"minecraft:gravel":2,"minecraft:oak_log":4,"minecraft:diorite":1,"minecraft:dirt":10,"minecraft:arrow":1,"minecraft:rotten_flesh":2,"minecraft:oak_sapling":2,"minecraft:oak_planks":1,"minecraft:coal":6,"minecraft:cobblestone":49},"minecraft:custom":{"minecraft:time_since_rest":983,"minecraft:sprint_one_cm":12879,"minecraft:damage_taken":330,"minecraft:walk_one_cm":27467,"minecraft:mob_kills":2,"minecraft:drop":1,"minecraft:damage_dealt":425,"minecraft:interact_with_crafting_table":2,"minecraft:fly_one_cm":24823,"minecraft:play_time":9889,"tombstone:undead_killed":2,"minecraft:deaths":1,"minecraft:jump":201,"minecraft:leave_game":2,"minecraft:time_since_death":1168,"minecraft:total_world_time":9889,"minecraft:fall_one_cm":6875}},"DataVersion":3465}