{"stats":{"minecraft:crafted":{"minecraft:oak_planks":60,"minecraft:crafting_table":3,"minecraft:wooden_pickaxe":1,"minecraft:furnace":1,"minecraft:stone_axe":1,"minecraft:cooked_mutton":6,"minecraft:air":0,"minecraft:stick":24,"minecraft:stone_pickaxe":5,"minecraft:chest":1,"minecraft:white_bed":1,"minecraft:torch":44},"minecraft:dropped":{"alexsmobs:animal_dictionary":1,"minecraft:rotten_flesh":2},"minecraft:mined":{"minecraft:white_bed":1,"minecraft:crafting_table":2,"minecraft:torch":4,"minecraft:granite":32,"minecraft:grass_block":5,"minecraft:chest":1,"minecraft:copper_ore":3,"minecraft:cobblestone":1,"minecraft:sugar_cane":2,"minecraft:oak_planks":1,"minecraft:diorite":4,"minecraft:wall_torch":6,"minecraft:air":10,"minecraft:andesite":16,"minecraft:grass":2,"dynamictrees:oak_branch":43,"minecraft:oak_log":22,"minecraft:coal_ore":19,"minecraft:gravel":15,"minecraft:dirt":16,"minecraft:stone":137,"minecraft:oak_leaves":2},"minecraft:used":{"minecraft:cooked_mutton":6,"minecraft:stone_pickaxe":242,"minecraft:oak_planks":1,"minecraft:chest":1,"minecraft:wooden_pickaxe":3,"minecraft:sugar_cane":3,"minecraft:torch":19,"minecraft:dirt":2,"minecraft:crafting_table":4,"minecraft:white_bed":1,"minecraft:apple":2,"minecraft:gravel":2,"minecraft:stone_axe":105,"minecraft:cobblestone":4,"minecraft:oak_sapling":17,"minecraft:furnace":1,"tombstone:gift":1},"minecraft:broken":{"minecraft:stone_pickaxe":2},"minecraft:killed":{"minecraft:spider":1,"minecraft:sheep":5,"minecraft:skeleton":2,"minecraft:zombie":2,"minecraft:cow":4},"minecraft:killed_by":{"minecraft:zombie":1},"minecraft:custom":{"minecraft:interact_with_furnace":7,"minecraft:mob_kills":14,"minecraft:interact_with_crafting_table":8,"minecraft:leave_game":2,"minecraft:time_since_death":25168,"minecraft:sleep_in_bed":1,"minecraft:time_since_rest":17560,"minecraft:sprint_one_cm":70386,"minecraft:damage_taken":701,"minecraft:walk_one_cm":99391,"minecraft:drop":3,"minecraft:damage_dealt":2125,"minecraft:swim_one_cm":13102,"minecraft:fly_one_cm":148910,"minecraft:player_kills":2,"minecraft:open_chest":7,"minecraft:crouch_one_cm":10,"minecraft:play_time":33889,"tombstone:undead_killed":4,"minecraft:deaths":1,"minecraft:sneak_time":14,"minecraft:walk_under_water_one_cm":1384,"minecraft:jump":792,"minecraft:walk_on_water_one_cm":4116,"minecraft:total_world_time":33889,"minecraft:fall_one_cm":20490},"minecraft:picked_up":{"minecraft:crafting_table":2,"minecraft:andesite":32,"minecraft:leather":5,"minecraft:oak_log":29,"minecraft:dirt":21,"minecraft:raw_copper":12,"minecraft:bone":2,"minecraft:apple":2,"minecraft:beef":9,"minecraft:sugar_cane":3,"minecraft:chest":1,"minecraft:oak_planks":3,"minecraft:stick":3,"minecraft:torch":12,"minecraft:gravel":52,"tombstone:grave_dust":1,"minecraft:diorite":8,"minecraft:white_bed":1,"minecraft:spider_eye":2,"minecraft:arrow":4,"minecraft:rotten_flesh":6,"minecraft:granite":64,"minecraft:oak_sapling":17,"minecraft:mutton":6,"minecraft:coal":19,"minecraft:white_wool":7,"minecraft:cobblestone":182}},"DataVersion":3465}