{"stats":{"minecraft:crafted":{"minecraft:cooked_beef":8,"minecraft:oak_planks":60,"minecraft:crafting_table":3,"minecraft:iron_helmet":1,"minecraft:wooden_pickaxe":1,"minecraft:furnace":3,"minecraft:bucket":1,"minecraft:stone_axe":2,"minecraft:cooked_mutton":6,"minecraft:air":0,"minecraft:iron_boots":1,"minecraft:iron_chestplate":1,"minecraft:iron_axe":1,"minecraft:stick":48,"minecraft:iron_pickaxe":2,"minecraft:iron_ingot":68,"minecraft:stone_pickaxe":5,"minecraft:chest":1,"minecraft:iron_leggings":1,"minecraft:white_bed":1,"minecraft:torch":108},"minecraft:dropped":{"alexsmobs:animal_dictionary":1,"minecraft:rotten_flesh":4},"minecraft:mined":{"minecraft:white_bed":1,"iceandfire:silver_ore":5,"minecraft:crafting_table":3,"minecraft:torch":6,"minecraft:granite":42,"minecraft:grass_block":5,"minecraft:chest":1,"minecraft:copper_ore":3,"minecraft:cobblestone":1,"minecraft:sugar_cane":2,"minecraft:oak_planks":1,"minecraft:diorite":4,"minecraft:wall_torch":7,"minecraft:air":10,"minecraft:furnace":3,"minecraft:iron_ore":72,"minecraft:andesite":20,"minecraft:grass":3,"dynamictrees:oak_branch":43,"minecraft:oak_log":22,"minecraft:coal_ore":99,"minecraft:gravel":16,"minecraft:dirt":16,"minecraft:stone":159,"minecraft:oak_leaves":2},"minecraft:used":{"minecraft:cooked_mutton":6,"minecraft:stone_pickaxe":438,"minecraft:oak_planks":1,"minecraft:chest":1,"minecraft:wooden_pickaxe":3,"minecraft:sugar_cane":3,"minecraft:torch":72,"minecraft:dirt":18,"minecraft:crafting_table":5,"minecraft:white_bed":2,"minecraft:apple":2,"minecraft:iron_axe":3,"minecraft:iron_pickaxe":2,"minecraft:gravel":2,"minecraft:stone_axe":125,"minecraft:cobblestone":4,"minecraft:oak_sapling":17,"minecraft:furnace":4,"minecraft:bucket":1,"tombstone:gift":1,"minecraft:cooked_beef":4},"minecraft:broken":{"minecraft:stone_pickaxe":3,"minecraft:stone_axe":1},"minecraft:killed":{"minecraft:cave_spider":1,"minecraft:spider":2,"minecraft:sheep":5,"minecraft:skeleton":3,"minecraft:zombie":4,"minecraft:cow":4},"minecraft:killed_by":{"minecraft:zombie":1},"minecraft:custom":{"minecraft:interact_with_furnace":36,"minecraft:mob_kills":20,"minecraft:interact_with_crafting_table":16,"minecraft:leave_game":3,"minecraft:time_since_death":49653,"minecraft:sleep_in_bed":1,"minecraft:time_since_rest":42045,"minecraft:sprint_one_cm":138880,"minecraft:damage_taken":945,"minecraft:walk_one_cm":181193,"minecraft:drop":5,"minecraft:damage_dealt":3121,"minecraft:swim_one_cm":23299,"minecraft:fly_one_cm":210289,"minecraft:player_kills":2,"minecraft:open_chest":8,"minecraft:crouch_one_cm":45,"minecraft:play_time":58374,"tombstone:undead_killed":7,"minecraft:deaths":1,"minecraft:sneak_time":82,"minecraft:walk_under_water_one_cm":2371,"minecraft:jump":1230,"minecraft:walk_on_water_one_cm":6259,"minecraft:total_world_time":58374,"minecraft:fall_one_cm":28270},"minecraft:picked_up":{"minecraft:crafting_table":3,"minecraft:cooked_beef":1,"minecraft:andesite":36,"minecraft:leather":5,"minecraft:oak_log":29,"minecraft:string":1,"minecraft:dirt":21,"minecraft:raw_copper":12,"minecraft:bone":5,"minecraft:apple":2,"minecraft:iron_ingot":2,"minecraft:beef":9,"minecraft:sugar_cane":3,"minecraft:chest":1,"minecraft:oak_planks":3,"minecraft:furnace":3,"minecraft:raw_iron":70,"minecraft:stick":3,"minecraft:torch":16,"minecraft:gravel":55,"tombstone:grave_dust":2,"minecraft:diorite":8,"minecraft:white_bed":1,"minecraft:spider_eye":2,"minecraft:arrow":5,"minecraft:rotten_flesh":8,"minecraft:granite":73,"minecraft:oak_sapling":17,"minecraft:mutton":6,"minecraft:coal":139,"iceandfire:raw_silver":5,"minecraft:white_wool":7,"minecraft:cobblestone":204}},"DataVersion":3465}