{"stats":{"minecraft:crafted":{"minecraft:cooked_beef":8,"minecraft:oak_planks":60,"minecraft:crafting_table":3,"minecraft:wooden_pickaxe":1,"minecraft:furnace":3,"minecraft:stone_axe":2,"minecraft:cooked_mutton":6,"minecraft:air":0,"minecraft:iron_boots":1,"minecraft:iron_chestplate":1,"minecraft:stick":40,"minecraft:iron_ingot":19,"minecraft:stone_pickaxe":5,"minecraft:chest":1,"minecraft:iron_leggings":1,"minecraft:white_bed":1,"minecraft:torch":108},"minecraft:dropped":{"alexsmobs:animal_dictionary":1,"minecraft:rotten_flesh":4},"minecraft:mined":{"minecraft:white_bed":1,"iceandfire:silver_ore":5,"minecraft:crafting_table":2,"minecraft:torch":5,"minecraft:granite":42,"minecraft:grass_block":5,"minecraft:chest":1,"minecraft:copper_ore":3,"minecraft:cobblestone":1,"minecraft:sugar_cane":2,"minecraft:oak_planks":1,"minecraft:diorite":4,"minecraft:wall_torch":6,"minecraft:air":10,"minecraft:furnace":1,"minecraft:iron_ore":48,"minecraft:andesite":20,"minecraft:grass":3,"dynamictrees:oak_branch":43,"minecraft:oak_log":22,"minecraft:coal_ore":86,"minecraft:gravel":16,"minecraft:dirt":16,"minecraft:stone":157,"minecraft:oak_leaves":2},"minecraft:used":{"minecraft:cooked_mutton":6,"minecraft:stone_pickaxe":397,"minecraft:oak_planks":1,"minecraft:chest":1,"minecraft:wooden_pickaxe":3,"minecraft:sugar_cane":3,"minecraft:torch":56,"minecraft:dirt":14,"minecraft:crafting_table":5,"minecraft:white_bed":2,"minecraft:apple":2,"minecraft:gravel":2,"minecraft:stone_axe":123,"minecraft:cobblestone":4,"minecraft:oak_sapling":17,"minecraft:furnace":4,"tombstone:gift":1,"minecraft:cooked_beef":4},"minecraft:broken":{"minecraft:stone_pickaxe":3,"minecraft:stone_axe":1},"minecraft:killed":{"minecraft:spider":2,"minecraft:sheep":5,"minecraft:skeleton":3,"minecraft:zombie":4,"minecraft:cow":4},"minecraft:killed_by":{"minecraft:zombie":1},"minecraft:custom":{"minecraft:interact_with_furnace":22,"minecraft:mob_kills":19,"minecraft:interact_with_crafting_table":13,"minecraft:leave_game":2,"minecraft:time_since_death":43168,"minecraft:sleep_in_bed":1,"minecraft:time_since_rest":35560,"minecraft:sprint_one_cm":122802,"minecraft:damage_taken":926,"minecraft:walk_one_cm":154289,"minecraft:drop":5,"minecraft:damage_dealt":3001,"minecraft:swim_one_cm":23299,"minecraft:fly_one_cm":208422,"minecraft:player_kills":2,"minecraft:open_chest":8,"minecraft:crouch_one_cm":45,"minecraft:play_time":51889,"tombstone:undead_killed":7,"minecraft:deaths":1,"minecraft:sneak_time":78,"minecraft:walk_under_water_one_cm":2371,"minecraft:jump":1128,"minecraft:walk_on_water_one_cm":6211,"minecraft:total_world_time":51889,"minecraft:fall_one_cm":27732},"minecraft:picked_up":{"minecraft:crafting_table":2,"minecraft:cooked_beef":1,"minecraft:andesite":36,"minecraft:leather":5,"minecraft:oak_log":29,"minecraft:dirt":21,"minecraft:raw_copper":12,"minecraft:bone":5,"minecraft:apple":2,"minecraft:beef":9,"minecraft:sugar_cane":3,"minecraft:chest":1,"minecraft:oak_planks":3,"minecraft:furnace":1,"minecraft:raw_iron":47,"minecraft:stick":3,"minecraft:torch":13,"minecraft:gravel":55,"tombstone:grave_dust":2,"minecraft:diorite":8,"minecraft:white_bed":1,"minecraft:spider_eye":2,"minecraft:arrow":5,"minecraft:rotten_flesh":8,"minecraft:granite":73,"minecraft:oak_sapling":17,"minecraft:mutton":6,"minecraft:coal":86,"iceandfire:raw_silver":5,"minecraft:white_wool":7,"minecraft:cobblestone":202}},"DataVersion":3465}