{"stats":{"minecraft:crafted":{"minecraft:oak_planks":60,"minecraft:crafting_table":3,"minecraft:wooden_pickaxe":1,"minecraft:furnace":1,"minecraft:stone_axe":1,"minecraft:cooked_mutton":6,"minecraft:air":0,"minecraft:stick":16,"minecraft:stone_pickaxe":2,"minecraft:chest":1,"minecraft:white_bed":1,"minecraft:torch":44},"minecraft:mined":{"minecraft:crafting_table":1,"minecraft:torch":4,"minecraft:granite":32,"minecraft:grass_block":4,"minecraft:copper_ore":3,"minecraft:cobblestone":1,"minecraft:oak_planks":1,"minecraft:diorite":4,"minecraft:wall_torch":5,"minecraft:andesite":16,"minecraft:grass":2,"minecraft:oak_log":22,"minecraft:coal_ore":19,"minecraft:gravel":15,"minecraft:dirt":16,"minecraft:stone":132,"minecraft:oak_leaves":2},"minecraft:dropped":{"alexsmobs:animal_dictionary":1},"minecraft:used":{"minecraft:cooked_mutton":1,"minecraft:stone_pickaxe":237,"minecraft:oak_planks":1,"minecraft:chest":1,"minecraft:wooden_pickaxe":3,"minecraft:torch":17,"minecraft:dirt":2,"minecraft:crafting_table":4,"minecraft:white_bed":1,"minecraft:apple":2,"minecraft:gravel":2,"minecraft:stone_axe":31,"minecraft:cobblestone":4,"minecraft:oak_sapling":11,"minecraft:furnace":1,"tombstone:gift":1},"minecraft:broken":{"minecraft:stone_pickaxe":1},"minecraft:killed":{"minecraft:spider":1,"minecraft:sheep":5,"minecraft:skeleton":1,"minecraft:zombie":1},"minecraft:killed_by":{"minecraft:zombie":1},"minecraft:custom":{"minecraft:interact_with_furnace":5,"minecraft:mob_kills":8,"minecraft:interact_with_crafting_table":6,"minecraft:leave_game":2,"minecraft:time_since_death":13168,"minecraft:sleep_in_bed":1,"minecraft:time_since_rest":5560,"minecraft:sprint_one_cm":24493,"minecraft:damage_taken":530,"minecraft:walk_one_cm":63351,"minecraft:drop":1,"minecraft:damage_dealt":1125,"minecraft:swim_one_cm":2364,"minecraft:fly_one_cm":51516,"minecraft:player_kills":1,"minecraft:open_chest":2,"minecraft:play_time":21889,"tombstone:undead_killed":2,"minecraft:deaths":1,"minecraft:sneak_time":6,"minecraft:walk_under_water_one_cm":144,"minecraft:jump":376,"minecraft:walk_on_water_one_cm":1615,"minecraft:total_world_time":21889,"minecraft:fall_one_cm":10672},"minecraft:picked_up":{"minecraft:crafting_table":1,"minecraft:andesite":16,"minecraft:oak_log":22,"minecraft:dirt":20,"minecraft:raw_copper":6,"minecraft:apple":2,"minecraft:oak_planks":1,"minecraft:stick":3,"minecraft:torch":11,"minecraft:gravel":27,"minecraft:diorite":4,"minecraft:spider_eye":1,"minecraft:arrow":1,"minecraft:rotten_flesh":2,"minecraft:granite":32,"minecraft:oak_sapling":17,"minecraft:mutton":6,"minecraft:coal":19,"minecraft:white_wool":5,"minecraft:cobblestone":130}},"DataVersion":3465}