{"stats":{"minecraft:crafted":{"minecraft:oak_planks":92,"sophisticatedbackpacks:backpack":1,"minecraft:cooked_porkchop":2,"minecraft:crafting_table":7,"minecraft:wooden_pickaxe":1,"minecraft:cooked_chicken":3,"minecraft:furnace":2,"minecraft:stone_axe":2,"minecraft:cooked_mutton":4,"minecraft:air":0,"vampirism:dark_spruce_planks":4,"minecraft:charcoal":9,"minecraft:stick":8,"minecraft:stone_pickaxe":2,"minecraft:wooden_axe":4,"minecraft:chest":1,"minecraft:torch":12},"minecraft:dropped":{"minecraft:raw_iron":6,"sophisticatedbackpacks:backpack":1},"minecraft:mined":{"vampirism:dark_stone":6,"minecraft:powder_snow":1,"minecraft:glow_lichen":2,"minecraft:torch":8,"minecraft:granite":17,"minecraft:grass_block":5,"vampirism:dark_spruce_log":12,"minecraft:tall_grass":1,"minecraft:cobblestone":1,"minecraft:mud_bricks":1,"minecraft:wall_torch":13,"minecraft:large_fern":3,"minecraft:red_terracotta":8,"minecraft:blue_terracotta":5,"minecraft:iron_ore":11,"minecraft:birch_leaves":1,"dynamictrees:birch_leaves":3,"minecraft:grass":22,"minecraft:oak_log":30,"minecraft:coal_ore":49,"minecraft:dirt":10,"minecraft:stone":111,"minecraft:oak_leaves":2},"minecraft:used":{"minecraft:cooked_mutton":4,"minecraft:blue_terracotta":4,"minecraft:netherite_sword":3,"minecraft:stone_pickaxe":159,"minecraft:oak_planks":27,"minecraft:wooden_pickaxe":59,"minecraft:cooked_chicken":3,"minecraft:rotten_flesh":17,"minecraft:torch":29,"minecraft:dirt":78,"minecraft:crafting_table":7,"minecraft:carrot":1,"minecraft:granite":17,"alexsmobs:flying_fish":1,"minecraft:wooden_axe":140,"minecraft:apple":3,"tombstone:grave_key":1,"evilcraft:flesh_humanoid":2,"minecraft:stone_axe":81,"minecraft:cobblestone":37,"minecraft:furnace":2,"minecraft:oak_sapling":9,"minecraft:cooked_porkchop":2,"tombstone:gift":8,"minecraft:egg":2},"minecraft:broken":{"minecraft:stone_pickaxe":1,"minecraft:stone_axe":1,"minecraft:wooden_axe":3,"minecraft:wooden_pickaxe":1},"minecraft:killed":{"vampirism:vampire":2,"minecraft:pig":4,"vampirism:advanced_vampire":1,"alexsmobs:raccoon":1,"minecraft:spider":8,"minecraft:creeper":3,"minecraft:horse":2,"minecraft:skeleton":5,"minecraft:sheep":5,"minecraft:zombie":12,"evilcraft:poisonous_libelle":1,"minecraft:chicken":5,"minecraft:drowned":2,"alexsmobs:flying_fish":1},"minecraft:killed_by":{"vampirism:advanced_vampire":1,"minecraft:skeleton":1,"minecraft:spider":1,"minecraft:zombie":2,"iceandfire:cockatrice":1},"minecraft:custom":{"minecraft:interact_with_furnace":14,"minecraft:mob_kills":52,"minecraft:interact_with_crafting_table":22,"minecraft:damage_dealt_resisted":232,"minecraft:leave_game":11,"minecraft:time_since_death":12982,"minecraft:climb_one_cm":3701,"minecraft:time_since_rest":12763,"minecraft:sprint_one_cm":119672,"minecraft:damage_taken":2596,"minecraft:walk_one_cm":1107588,"minecraft:drop":2,"minecraft:damage_dealt":8761,"minecraft:swim_one_cm":6782,"minecraft:fly_one_cm":92251,"minecraft:player_kills":1,"minecraft:open_chest":15,"minecraft:play_time":183006,"minecraft:crouch_one_cm":7516,"minecraft:sneak_time":2876,"tombstone:undead_killed":19,"minecraft:deaths":7,"minecraft:walk_under_water_one_cm":17396,"minecraft:jump":1832,"minecraft:walk_on_water_one_cm":37392,"minecraft:total_world_time":183006,"minecraft:fall_one_cm":17479},"minecraft:picked_up":{"minecraft:birch_log":2,"minecraft:mud_bricks":1,"minecraft:feather":3,"minecraft:chicken":5,"vampirism:dark_spruce_log":12,"minecraft:leather":4,"minecraft:oak_log":32,"minecraft:gunpowder":2,"minecraft:dirt":78,"minecraft:string":8,"evilcraft:poison_sac":1,"minecraft:bone":4,"minecraft:apple":3,"minecraft:wheat_seeds":2,"dynamictrees:birch_seed":3,"duckling:duck_egg":2,"minecraft:egg":5,"minecraft:stick":30,"minecraft:raw_iron":17,"vampirism:dark_spruce_sapling":2,"minecraft:torch":21,"sophisticatedbackpacks:backpack":1,"minecraft:porkchop":6,"chococraft:gysahl_green_seeds":1,"tombstone:grave_dust":5,"minecraft:carrot":1,"minecraft:red_terracotta":8,"minecraft:spider_eye":3,"vampirism:blood_bottle":1,"minecraft:arrow":2,"minecraft:blue_terracotta":5,"minecraft:rotten_flesh":18,"vampirism:cobbled_dark_stone":6,"minecraft:granite":17,"minecraft:oak_sapling":15,"minecraft:mutton":8,"minecraft:coal":48,"alexsmobs:flying_fish":1,"minecraft:white_wool":5,"minecraft:cobblestone":110}},"DataVersion":3465}