{"stats":{"minecraft:broken":{"minecraft:stone_axe":1,"minecraft:wooden_axe":2},"minecraft:picked_up":{"minecraft:feather":3,"minecraft:chicken":5,"minecraft:oak_log":32,"minecraft:gunpowder":2,"minecraft:dirt":32,"minecraft:string":6,"evilcraft:poison_sac":1,"minecraft:bone":4,"minecraft:apple":3,"minecraft:wheat_seeds":2,"minecraft:egg":2,"minecraft:raw_iron":14,"minecraft:stick":12,"minecraft:torch":16,"minecraft:porkchop":2,"tombstone:grave_dust":1,"minecraft:carrot":1,"minecraft:spider_eye":3,"minecraft:arrow":2,"vampirism:blood_bottle":1,"minecraft:rotten_flesh":9,"minecraft:granite":17,"minecraft:oak_sapling":15,"minecraft:mutton":8,"minecraft:coal":42,"minecraft:white_wool":5,"minecraft:cobblestone":51},"minecraft:killed_by":{"vampirism:advanced_vampire":1,"minecraft:skeleton":1,"minecraft:spider":1,"iceandfire:cockatrice":1},"minecraft:killed":{"minecraft:pig":2,"vampirism:advanced_vampire":1,"alexsmobs:raccoon":1,"minecraft:spider":5,"minecraft:creeper":2,"minecraft:sheep":5,"minecraft:skeleton":5,"evilcraft:poisonous_libelle":1,"minecraft:zombie":8,"minecraft:chicken":5,"minecraft:drowned":1},"minecraft:custom":{"minecraft:interact_with_furnace":10,"minecraft:mob_kills":36,"minecraft:interact_with_crafting_table":8,"minecraft:damage_dealt_resisted":67,"minecraft:leave_game":9,"minecraft:time_since_death":425,"minecraft:time_since_rest":9,"minecraft:sprint_one_cm":72482,"minecraft:damage_taken":1342,"minecraft:walk_one_cm":610456,"minecraft:drop":1,"minecraft:damage_dealt":5804,"minecraft:swim_one_cm":4653,"minecraft:fly_one_cm":44895,"minecraft:player_kills":1,"minecraft:crouch_one_cm":7343,"minecraft:play_time":111960,"tombstone:undead_killed":14,"minecraft:deaths":4,"minecraft:sneak_time":2796,"minecraft:walk_under_water_one_cm":8586,"minecraft:jump":869,"minecraft:walk_on_water_one_cm":6338,"minecraft:total_world_time":111960,"minecraft:fall_one_cm":7803},"minecraft:crafted":{"minecraft:oak_planks":56,"minecraft:crafting_table":3,"minecraft:wooden_pickaxe":1,"minecraft:cooked_chicken":3,"minecraft:furnace":1,"minecraft:stone_axe":1,"minecraft:air":0,"minecraft:charcoal":9,"minecraft:stick":8,"minecraft:stone_pickaxe":1,"minecraft:wooden_axe":2,"minecraft:torch":12},"minecraft:mined":{"minecraft:torch":5,"minecraft:granite":17,"minecraft:grass_block":3,"minecraft:tall_grass":1,"minecraft:cobblestone":1,"minecraft:wall_torch":11,"minecraft:iron_ore":8,"minecraft:birch_leaves":1,"minecraft:grass":14,"minecraft:oak_log":30,"minecraft:coal_ore":43,"minecraft:dirt":1,"minecraft:stone":52,"minecraft:oak_leaves":2},"minecraft:used":{"minecraft:netherite_sword":3,"minecraft:stone_pickaxe":91,"minecraft:oak_planks":25,"minecraft:wooden_pickaxe":33,"minecraft:cooked_chicken":3,"minecraft:rotten_flesh":9,"minecraft:torch":23,"minecraft:dirt":32,"minecraft:crafting_table":3,"minecraft:carrot":1,"minecraft:granite":17,"minecraft:wooden_axe":73,"minecraft:apple":3,"tombstone:grave_key":1,"evilcraft:flesh_humanoid":1,"minecraft:stone_axe":81,"minecraft:cobblestone":37,"minecraft:furnace":1,"tombstone:gift":6,"minecraft:egg":2},"minecraft:dropped":{"minecraft:raw_iron":6}},"DataVersion":3465}