{"stats":{"minecraft:picked_up":{"minecraft:feather":2,"minecraft:chicken":3,"minecraft:oak_log":3,"tombstone:grave_dust":1,"minecraft:egg":1,"minecraft:dirt":2,"minecraft:cobblestone":3},"minecraft:killed":{"minecraft:zombie":1,"minecraft:chicken":3},"minecraft:custom":{"minecraft:time_since_rest":31216,"tombstone:undead_killed":1,"minecraft:crouch_one_cm":8,"minecraft:play_time":31216,"minecraft:sprint_one_cm":33259,"minecraft:damage_taken":75,"minecraft:walk_one_cm":113291,"minecraft:sneak_time":23,"minecraft:mob_kills":4,"minecraft:jump":163,"minecraft:damage_dealt":623,"minecraft:leave_game":5,"minecraft:time_since_death":31216,"minecraft:total_world_time":31216,"minecraft:interact_with_crafting_table":4,"minecraft:fall_one_cm":2508,"minecraft:fly_one_cm":20467,"minecraft:player_kills":1},"minecraft:crafted":{"minecraft:oak_planks":12,"minecraft:crafting_table":1,"minecraft:stick":4,"minecraft:wooden_pickaxe":1,"minecraft:wooden_axe":1},"minecraft:used":{"minecraft:wooden_axe":7,"minecraft:netherite_sword":3,"minecraft:dirt":2,"minecraft:crafting_table":1,"minecraft:wooden_pickaxe":3},"minecraft:mined":{"minecraft:grass":3,"minecraft:grass_block":2,"minecraft:oak_log":3,"minecraft:tall_grass":1,"minecraft:birch_leaves":1,"minecraft:stone":3,"minecraft:oak_leaves":1}},"DataVersion":3465}