{"stats":{"minecraft:picked_up":{"minecraft:stick":6,"minecraft:feather":2,"minecraft:chicken":3,"minecraft:oak_log":21,"tombstone:grave_dust":1,"minecraft:dirt":2,"minecraft:bone":2,"minecraft:granite":11,"minecraft:oak_sapling":9,"minecraft:coal":13,"minecraft:cobblestone":33,"minecraft:egg":1},"minecraft:killed":{"minecraft:skeleton":1,"minecraft:zombie":1,"minecraft:chicken":3},"minecraft:custom":{"minecraft:time_since_rest":55216,"minecraft:interact_with_furnace":10,"minecraft:walk_one_cm":248282,"minecraft:sprint_one_cm":33544,"minecraft:damage_taken":140,"minecraft:mob_kills":5,"minecraft:damage_dealt":823,"minecraft:interact_with_crafting_table":6,"minecraft:player_kills":1,"minecraft:fly_one_cm":21106,"minecraft:crouch_one_cm":207,"minecraft:play_time":55216,"tombstone:undead_killed":2,"minecraft:sneak_time":100,"minecraft:walk_under_water_one_cm":719,"minecraft:jump":336,"minecraft:leave_game":5,"minecraft:time_since_death":55216,"minecraft:walk_on_water_one_cm":437,"minecraft:total_world_time":55216,"minecraft:fall_one_cm":3195},"minecraft:crafted":{"minecraft:oak_planks":48,"minecraft:charcoal":9,"minecraft:crafting_table":1,"minecraft:stick":4,"minecraft:cooked_chicken":3,"minecraft:wooden_pickaxe":1,"minecraft:stone_pickaxe":1,"minecraft:wooden_axe":1,"minecraft:furnace":1,"minecraft:torch":12,"minecraft:air":0},"minecraft:mined":{"minecraft:birch_leaves":1,"minecraft:granite":11,"minecraft:grass":5,"minecraft:coal_ore":13,"minecraft:grass_block":2,"minecraft:oak_log":21,"minecraft:tall_grass":1,"minecraft:stone":34,"minecraft:oak_leaves":2},"minecraft:used":{"minecraft:wooden_axe":35,"minecraft:netherite_sword":3,"minecraft:stone_pickaxe":25,"minecraft:wooden_pickaxe":33,"minecraft:cooked_chicken":3,"minecraft:torch":1,"minecraft:dirt":2,"minecraft:crafting_table":1,"minecraft:furnace":1}},"DataVersion":3465}