{"stats":{"minecraft:used":{"minecraft:netherite_sword":3,"minecraft:crafting_table":1,"minecraft:wooden_pickaxe":3},"minecraft:mined":{"minecraft:grass":2,"minecraft:oak_log":3,"minecraft:tall_grass":1,"minecraft:stone":3,"minecraft:oak_leaves":1},"minecraft:crafted":{"minecraft:oak_planks":12,"minecraft:crafting_table":1,"minecraft:stick":4,"minecraft:wooden_pickaxe":1,"minecraft:wooden_axe":1},"minecraft:picked_up":{"minecraft:oak_log":3,"minecraft:cobblestone":3},"minecraft:custom":{"minecraft:time_since_rest":10295,"minecraft:crouch_one_cm":8,"minecraft:walk_one_cm":16071,"minecraft:sprint_one_cm":16862,"minecraft:play_time":10295,"minecraft:damage_taken":50,"minecraft:sneak_time":23,"minecraft:jump":68,"minecraft:damage_dealt":302,"minecraft:leave_game":3,"minecraft:time_since_death":10295,"minecraft:total_world_time":10295,"minecraft:interact_with_crafting_table":4,"minecraft:fall_one_cm":2299,"minecraft:fly_one_cm":16841,"minecraft:player_kills":1}},"DataVersion":3465}