{"stats":{"minecraft:crafted":{"easy_hammers:iron_hammer":1,"minecraft:oak_planks":128,"minecraft:cooked_chicken":3,"minecraft:furnace":6,"easy_hammers:stone_hammer":4,"minecraft:cooked_mutton":4,"minecraft:iron_boots":1,"minecraft:stone_pickaxe":3,"minecraft:chest":3,"sophisticatedbackpacks:backpack":1,"minecraft:cooked_porkchop":2,"minecraft:crafting_table":12,"minecraft:wooden_pickaxe":1,"minecraft:iron_helmet":1,"minecraft:birch_planks":12,"minecraft:stone_axe":7,"minecraft:air":0,"vampirism:dark_spruce_planks":48,"minecraft:iron_chestplate":1,"minecraft:charcoal":9,"minecraft:stick":8,"minecraft:iron_ingot":26,"minecraft:wooden_axe":4,"minecraft:stone_sword":1,"minecraft:iron_leggings":1,"minecraft:white_bed":1,"minecraft:torch":12},"minecraft:mined":{"minecraft:dark_prismarine":2,"minecraft:spruce_planks":1,"minecraft:tuff":68,"iceandfire:silver_ore":2,"minecraft:mossy_cobblestone":6,"minecraft:deepslate_diamond_ore":16,"dynamictrees:birch_branch":73,"minecraft:cobblestone_stairs":2,"minecraft:glow_lichen":2,"minecraft:granite":28,"minecraft:grass_block":18,"vampirism:dark_spruce_log":26,"iceandfire:chared_dirt":1,"minecraft:mud_bricks":1,"minecraft:spawner":5,"minecraft:large_fern":4,"minecraft:iron_ore":47,"minecraft:fire":19,"evilcraft:box_of_eternal_closure":1,"minecraft:andesite":15,"dynamictrees:oak_branch":166,"minecraft:deepslate_iron_ore":55,"minecraft:stone":238,"minecraft:tripwire":1,"minecraft:podzol":1,"vampirism:dark_stone":6,"minecraft:powder_snow":6,"minecraft:oak_fence":1,"minecraft:torch":16,"minecraft:cobblestone":25,"minecraft:tall_grass":3,"minecraft:deepslate_gold_ore":1,"minecraft:oak_planks":1,"minecraft:diorite":15,"minecraft:wall_torch":28,"minecraft:air":137,"minecraft:birch_planks":2,"minecraft:red_terracotta":8,"minecraft:blue_terracotta":7,"minecraft:birch_leaves":1,"dynamictrees:birch_leaves":3,"minecraft:grass":49,"minecraft:coal_ore":79,"minecraft:oak_log":30,"minecraft:gravel":5,"minecraft:dirt":34,"minecraft:cobweb":51,"minecraft:acacia_planks":3,"minecraft:oak_leaves":10,"minecraft:deepslate":589,"minecraft:fern":1},"minecraft:dropped":{"vampirism:item_garlic":3,"minecraft:enchanted_book":2,"minecraft:birch_planks":1,"minecraft:wheat_seeds":2,"dynamictrees:birch_seed":1,"minecraft:ender_pearl":1,"iceandfire:chared_dirt":1,"minecraft:cobblestone":1,"iceandfire:fire_dragon_flesh":1,"minecraft:activator_rail":3,"minecraft:rail":15,"minecraft:coal":3,"minecraft:cobblestone_stairs":2,"minecraft:ink_sac":4,"minecraft:diorite":32,"tombstone:grave_dust":6,"iceandfire:ash":1,"minecraft:white_wool":1,"minecraft:string":12,"vampirism:garlic_bread":5,"iceandfire:dragonscales_gray":5,"minecraft:blue_terracotta":2,"tombstone:scroll_of_aquatic_life":1,"minecraft:cobbled_deepslate":291,"vampirism:holy_water_bottle_normal":1,"minecraft:tuff":13,"minecraft:raw_iron":6,"vampirism:holy_water_bottle_enhanced":1,"evilcraft:box_of_eternal_closure":2,"minecraft:rotten_flesh":3,"sophisticatedbackpacks:backpack":1,"minecraft:bundle":1,"minecraft:beetroot_seeds":1,"farmersdelight:rope":1,"minecraft:spider_eye":2},"minecraft:broken":{"minecraft:stone_sword":1,"minecraft:iron_boots":1,"minecraft:iron_chestplate":1,"easy_hammers:stone_hammer":3,"minecraft:iron_leggings":1,"minecraft:wooden_pickaxe":1,"minecraft:stone_pickaxe":3,"easy_hammers:iron_hammer":1,"minecraft:stone_axe":7,"minecraft:iron_helmet":1,"minecraft:wooden_axe":4},"minecraft:used":{"vampirism:heart_seeker_enhanced":319,"minecraft:netherite_sword":3,"minecraft:blue_terracotta":4,"minecraft:stone_sword":80,"minecraft:chest":2,"easy_hammers:stone_hammer":400,"minecraft:cooked_salmon":4,"minecraft:cooked_chicken":3,"minecraft:rotten_flesh":27,"minecraft:torch":57,"minecraft:dirt":98,"minecraft:carrot":1,"minecraft:granite":23,"minecraft:wooden_axe":141,"easy_hammers:iron_hammer":250,"evilcraft:box_of_eternal_closure":1,"evilcraft:flesh_humanoid":3,"vampirism:dark_spruce_planks":44,"minecraft:oak_sapling":9,"minecraft:furnace":6,"duckling:duck_egg":2,"vampirism:cobbled_dark_stone":6,"tombstone:gift":8,"minecraft:egg":2,"minecraft:cooked_beef":1,"minecraft:cobbled_deepslate":42,"minecraft:cooked_mutton":6,"minecraft:birch_planks":6,"minecraft:stone_pickaxe":391,"minecraft:oak_planks":85,"minecraft:wooden_pickaxe":59,"vampirism:human_heart":4,"minecraft:white_wool":2,"minecraft:mossy_cobblestone":5,"minecraft:rail":1,"minecraft:crafting_table":12,"minecraft:spider_eye":1,"minecraft:white_bed":1,"alexsmobs:flying_fish":1,"minecraft:dark_prismarine":1,"minecraft:apple":3,"minecraft:bread":7,"minecraft:string":1,"minecraft:iron_pickaxe":152,"minecraft:red_terracotta":8,"tombstone:grave_key":27,"minecraft:stone_axe":768,"minecraft:cobblestone":336,"minecraft:cooked_porkchop":3,"minecraft:andesite":10,"minecraft:chest_minecart":1},"minecraft:killed":{"vampirism:vampire":7,"minecraft:cave_spider":18,"vampirism:advanced_vampire":1,"alexsmobs:raccoon":1,"minecraft:spider":17,"minecraft:horse":2,"minecraft:skeleton":7,"iceandfire:fire_dragon":1,"minecraft:chicken":5,"minecraft:silverfish":1,"vampirism:advanced_hunter":1,"minecraft:drowned":2,"alexsmobs:flying_fish":1,"minecraft:pig":4,"minecraft:hoglin":1,"minecraft:creeper":3,"vampirism:hunter":7,"minecraft:sheep":6,"evilcraft:poisonous_libelle":2,"minecraft:zombie":28,"alexsmobs:cockroach":1,"minecraft:wither_skeleton":4},"minecraft:killed_by":{"vampirism:advanced_vampire":1,"minecraft:player":1,"minecraft:wither_skeleton":9,"minecraft:spider":1,"minecraft:skeleton":1,"minecraft:zombie":2,"iceandfire:cockatrice":1,"vampirism:hunter":1,"vampirism:vampire":1,"iceandfire:fire_dragon":19},"minecraft:custom":{"minecraft:mob_kills":126,"minecraft:interact_with_crafting_table":62,"minecraft:damage_dealt_resisted":1048,"minecraft:leave_game":11,"minecraft:time_since_death":1401,"minecraft:climb_one_cm":5581,"vampirism:amount_bitten":37,"minecraft:sprint_one_cm":451440,"minecraft:walk_one_cm":1956193,"minecraft:drop":60,"vampirism:skills_unlocked":33,"minecraft:play_time":417006,"minecraft:deaths":41,"minecraft:sneak_time":10485,"minecraft:walk_under_water_one_cm":79406,"minecraft:jump":5015,"minecraft:walk_on_water_one_cm":96337,"minecraft:total_world_time":417006,"vampirism:blood_drunk":11700,"minecraft:interact_with_furnace":48,"minecraft:sleep_in_bed":1,"minecraft:time_since_rest":1190,"minecraft:damage_taken":2084099,"minecraft:damage_dealt":30206,"minecraft:swim_one_cm":91545,"minecraft:fly_one_cm":676654,"minecraft:player_kills":1,"minecraft:open_chest":53,"minecraft:crouch_one_cm":26406,"tombstone:undead_killed":41,"minecraft:fall_one_cm":78917},"minecraft:picked_up":{"minecraft:chicken":5,"vampirism:dark_spruce_log":12,"minecraft:chest_minecart":1,"minecraft:enchanted_book":2,"vampirism:pure_salt_water":1,"vampirism:holy_water_bottle_normal":2,"minecraft:string":83,"evilcraft:poison_sac":2,"minecraft:activator_rail":6,"minecraft:gold_nugget":10,"minecraft:cobbled_deepslate":795,"minecraft:spruce_planks":1,"vampirism:garlic_bread":5,"dynamictrees:oak_seed":3,"minecraft:iron_pickaxe":1,"minecraft:egg":5,"iceandfire:dragonscales_gray":5,"iceandfire:dragonbone":7,"minecraft:raw_iron":112,"minecraft:stick":51,"minecraft:oak_fence":1,"minecraft:torch":49,"sophisticatedbackpacks:backpack":1,"minecraft:porkchop":12,"vampirism:holy_water_bottle_enhanced":2,"tombstone:grave_dust":11,"minecraft:diorite":32,"minecraft:carrot":1,"evilcraft:box_of_eternal_closure":4,"minecraft:arrow":3,"vampirism:blood_bottle":2,"minecraft:rotten_flesh":41,"vampirism:cobbled_dark_stone":6,"minecraft:beetroot_seeds":3,"iceandfire:chared_dirt":1,"iceandfire:fire_dragon_heart":1,"tombstone:scroll_of_aquatic_life":1,"farmersdelight:rope":3,"evilcraft:condensed_blood":4,"tombstone:essence_of_undeath":1,"minecraft:mutton":11,"vampirism:heart_seeker_enhanced":1,"minecraft:rail":23,"minecraft:white_wool":8,"alexsmobs:flying_fish":1,"minecraft:cobblestone":508,"minecraft:birch_log":5,"vampirism:vampire_book":1,"vampirism:vampire_blood_bottle":1,"minecraft:air":0,"minecraft:mud_bricks":1,"minecraft:feather":3,"farmersdelight:rice":2,"minecraft:andesite":10,"minecraft:leather":4,"minecraft:birch_planks":2,"paraglider:spirit_orb":10,"minecraft:tuff":13,"minecraft:oak_log":38,"minecraft:cobblestone_stairs":2,"minecraft:gunpowder":2,"minecraft:lapis_lazuli":18,"minecraft:dirt":98,"vampirism:human_heart":4,"minecraft:bone":8,"minecraft:acacia_planks":3,"minecraft:apple":3,"minecraft:wheat_seeds":3,"vampirism:item_garlic":3,"dynamictrees:birch_seed":4,"iceandfire:fire_dragon_flesh":2,"minecraft:oak_planks":50,"duckling:duck_egg":14,"vampirism:dark_spruce_sapling":2,"iceandfire:ash":1,"vampirism:ring":1,"iceandfire:dragon_skull_fire":1,"minecraft:ink_sac":4,"chococraft:gysahl_green_seeds":1,"minecraft:dark_prismarine":1,"minecraft:red_terracotta":8,"minecraft:spider_eye":10,"minecraft:mossy_cobblestone":5,"minecraft:bundle":1,"minecraft:blue_terracotta":7,"minecraft:diamond":18,"minecraft:granite":29,"minecraft:bread":3,"tombstone:magic_scroll":2,"minecraft:oak_sapling":15,"minecraft:coal":83,"iceandfire:raw_silver":2,"minecraft:ender_pearl":1}},"DataVersion":3465}