{"stats":{"minecraft:crafted":{"minecraft:oak_planks":56,"minecraft:crafting_table":2,"minecraft:wooden_pickaxe":1,"minecraft:cooked_chicken":3,"minecraft:furnace":1,"minecraft:stone_axe":1,"minecraft:air":0,"minecraft:charcoal":9,"minecraft:stick":8,"minecraft:stone_pickaxe":1,"minecraft:wooden_axe":1,"minecraft:torch":12},"minecraft:mined":{"minecraft:torch":4,"minecraft:granite":17,"minecraft:grass_block":3,"minecraft:tall_grass":1,"minecraft:cobblestone":1,"minecraft:wall_torch":9,"minecraft:iron_ore":8,"minecraft:birch_leaves":1,"minecraft:grass":8,"minecraft:coal_ore":33,"minecraft:oak_log":21,"minecraft:dirt":1,"minecraft:stone":45,"minecraft:oak_leaves":2},"minecraft:dropped":{"minecraft:raw_iron":6},"minecraft:broken":{"minecraft:wooden_axe":1},"minecraft:used":{"minecraft:netherite_sword":3,"minecraft:stone_pickaxe":72,"minecraft:wooden_pickaxe":33,"minecraft:cooked_chicken":3,"minecraft:rotten_flesh":7,"minecraft:torch":19,"minecraft:dirt":32,"minecraft:crafting_table":2,"minecraft:granite":15,"minecraft:wooden_axe":43,"tombstone:grave_key":1,"minecraft:stone_axe":63,"minecraft:cobblestone":13,"minecraft:furnace":1,"tombstone:gift":2,"minecraft:egg":2},"minecraft:killed":{"minecraft:pig":1,"vampirism:advanced_vampire":1,"minecraft:spider":4,"minecraft:creeper":2,"minecraft:sheep":3,"minecraft:skeleton":3,"minecraft:zombie":8,"minecraft:chicken":4,"minecraft:drowned":1},"minecraft:killed_by":{"vampirism:advanced_vampire":1,"iceandfire:cockatrice":1},"minecraft:picked_up":{"minecraft:feather":2,"minecraft:chicken":4,"minecraft:oak_log":23,"minecraft:gunpowder":2,"minecraft:string":6,"minecraft:dirt":32,"minecraft:bone":3,"minecraft:wheat_seeds":1,"minecraft:egg":2,"minecraft:raw_iron":8,"minecraft:stick":6,"minecraft:torch":13,"minecraft:porkchop":1,"tombstone:grave_dust":1,"minecraft:carrot":1,"minecraft:spider_eye":3,"vampirism:blood_bottle":1,"minecraft:arrow":1,"minecraft:rotten_flesh":9,"minecraft:granite":17,"minecraft:oak_sapling":10,"minecraft:mutton":4,"minecraft:coal":33,"minecraft:white_wool":3,"minecraft:cobblestone":44},"minecraft:custom":{"minecraft:interact_with_furnace":10,"minecraft:mob_kills":27,"minecraft:interact_with_crafting_table":7,"minecraft:damage_dealt_resisted":67,"minecraft:leave_game":8,"minecraft:time_since_death":3234,"minecraft:time_since_rest":3016,"minecraft:sprint_one_cm":61617,"minecraft:damage_taken":693,"minecraft:walk_one_cm":517779,"minecraft:drop":1,"minecraft:damage_dealt":4617,"minecraft:fly_one_cm":38506,"minecraft:player_kills":1,"minecraft:crouch_one_cm":4768,"minecraft:play_time":94588,"tombstone:undead_killed":12,"minecraft:deaths":2,"minecraft:sneak_time":1761,"minecraft:walk_under_water_one_cm":1205,"minecraft:jump":698,"minecraft:walk_on_water_one_cm":476,"minecraft:total_world_time":94588,"minecraft:fall_one_cm":6337}},"DataVersion":3465}