{"stats":{"minecraft:crafted":{"minecraft:oak_planks":48,"minecraft:charcoal":9,"minecraft:crafting_table":2,"minecraft:stick":8,"minecraft:stone_pickaxe":1,"minecraft:wooden_pickaxe":1,"minecraft:cooked_chicken":3,"minecraft:wooden_axe":1,"minecraft:furnace":1,"minecraft:torch":12,"minecraft:stone_axe":1,"minecraft:air":0},"minecraft:mined":{"minecraft:birch_leaves":1,"minecraft:torch":3,"minecraft:granite":15,"minecraft:grass":5,"minecraft:grass_block":2,"minecraft:oak_log":21,"minecraft:coal_ore":15,"minecraft:dirt":1,"minecraft:tall_grass":1,"minecraft:stone":40,"minecraft:oak_leaves":2,"minecraft:wall_torch":7},"minecraft:broken":{"minecraft:wooden_axe":1},"minecraft:used":{"minecraft:netherite_sword":3,"minecraft:wooden_axe":43,"minecraft:stone_pickaxe":37,"minecraft:wooden_pickaxe":33,"minecraft:cooked_chicken":3,"minecraft:rotten_flesh":7,"minecraft:torch":11,"minecraft:stone_axe":28,"minecraft:dirt":31,"minecraft:crafting_table":2,"minecraft:furnace":1,"minecraft:egg":1,"minecraft:granite":10},"minecraft:killed":{"minecraft:skeleton":1,"minecraft:zombie":6,"minecraft:pig":1,"minecraft:chicken":4,"minecraft:spider":1,"minecraft:drowned":1,"minecraft:creeper":1},"minecraft:picked_up":{"minecraft:stick":6,"minecraft:feather":2,"minecraft:chicken":4,"minecraft:torch":10,"minecraft:porkchop":1,"minecraft:oak_log":23,"tombstone:grave_dust":1,"minecraft:dirt":31,"minecraft:spider_eye":1,"minecraft:string":1,"minecraft:bone":2,"minecraft:rotten_flesh":7,"minecraft:wheat_seeds":1,"minecraft:granite":15,"minecraft:oak_sapling":10,"minecraft:coal":15,"minecraft:cobblestone":38,"minecraft:egg":1},"minecraft:custom":{"minecraft:time_since_rest":82588,"minecraft:interact_with_furnace":10,"minecraft:sprint_one_cm":56306,"minecraft:damage_taken":250,"minecraft:walk_one_cm":414243,"minecraft:mob_kills":15,"minecraft:damage_dealt":2782,"minecraft:interact_with_crafting_table":7,"minecraft:fly_one_cm":34769,"minecraft:player_kills":1,"minecraft:play_time":82588,"minecraft:crouch_one_cm":755,"tombstone:undead_killed":8,"minecraft:sneak_time":429,"minecraft:walk_under_water_one_cm":1205,"minecraft:damage_dealt_resisted":67,"minecraft:jump":616,"minecraft:leave_game":8,"minecraft:time_since_death":82588,"minecraft:walk_on_water_one_cm":476,"minecraft:total_world_time":82588,"minecraft:fall_one_cm":4509}},"DataVersion":3465}