{"stats":{"minecraft:crafted":{"minecraft:oak_planks":48,"minecraft:charcoal":9,"minecraft:crafting_table":2,"minecraft:stick":8,"minecraft:wooden_pickaxe":1,"minecraft:cooked_chicken":3,"minecraft:stone_pickaxe":1,"minecraft:wooden_axe":1,"minecraft:furnace":1,"minecraft:torch":12,"minecraft:stone_axe":1,"minecraft:air":0},"minecraft:mined":{"minecraft:birch_leaves":1,"minecraft:torch":3,"minecraft:granite":15,"minecraft:grass":5,"minecraft:grass_block":2,"minecraft:oak_log":21,"minecraft:coal_ore":15,"minecraft:tall_grass":1,"minecraft:stone":40,"minecraft:oak_leaves":2,"minecraft:wall_torch":6},"minecraft:broken":{"minecraft:wooden_axe":1},"minecraft:used":{"minecraft:netherite_sword":3,"minecraft:wooden_axe":43,"minecraft:stone_pickaxe":37,"minecraft:wooden_pickaxe":33,"minecraft:cooked_chicken":3,"minecraft:rotten_flesh":7,"minecraft:torch":10,"minecraft:stone_axe":25,"minecraft:dirt":16,"minecraft:crafting_table":2,"minecraft:furnace":1,"minecraft:egg":1,"minecraft:granite":10},"minecraft:killed":{"minecraft:skeleton":1,"minecraft:zombie":6,"minecraft:chicken":3,"minecraft:spider":1,"minecraft:drowned":1,"minecraft:creeper":1},"minecraft:picked_up":{"minecraft:stick":6,"minecraft:feather":2,"minecraft:chicken":3,"minecraft:torch":9,"minecraft:oak_log":21,"tombstone:grave_dust":1,"minecraft:string":1,"minecraft:spider_eye":1,"minecraft:dirt":16,"minecraft:bone":2,"minecraft:rotten_flesh":7,"minecraft:wheat_seeds":1,"minecraft:granite":15,"minecraft:oak_sapling":9,"minecraft:coal":15,"minecraft:cobblestone":38,"minecraft:egg":1},"minecraft:custom":{"minecraft:time_since_rest":75413,"minecraft:interact_with_furnace":10,"minecraft:sprint_one_cm":55444,"minecraft:damage_taken":230,"minecraft:walk_one_cm":334615,"minecraft:mob_kills":13,"minecraft:damage_dealt":2652,"minecraft:interact_with_crafting_table":7,"minecraft:fly_one_cm":33782,"minecraft:player_kills":1,"minecraft:crouch_one_cm":755,"minecraft:play_time":75413,"tombstone:undead_killed":8,"minecraft:sneak_time":429,"minecraft:walk_under_water_one_cm":1205,"minecraft:jump":513,"minecraft:damage_dealt_resisted":67,"minecraft:leave_game":8,"minecraft:time_since_death":75413,"minecraft:walk_on_water_one_cm":476,"minecraft:total_world_time":75413,"minecraft:fall_one_cm":4509}},"DataVersion":3465}