{"stats":{"minecraft:crafted":{"easy_hammers:iron_hammer":1,"minecraft:oak_planks":108,"minecraft:cooked_chicken":3,"minecraft:furnace":6,"easy_hammers:stone_hammer":2,"minecraft:cooked_mutton":4,"minecraft:iron_boots":1,"minecraft:stone_pickaxe":3,"minecraft:chest":1,"sophisticatedbackpacks:backpack":1,"minecraft:cooked_porkchop":2,"minecraft:crafting_table":10,"minecraft:wooden_pickaxe":1,"minecraft:iron_helmet":1,"minecraft:birch_planks":12,"minecraft:stone_axe":6,"minecraft:air":0,"vampirism:dark_spruce_planks":4,"minecraft:iron_chestplate":1,"minecraft:charcoal":9,"minecraft:stick":8,"minecraft:iron_ingot":26,"minecraft:wooden_axe":4,"minecraft:stone_sword":1,"minecraft:iron_leggings":1,"minecraft:white_bed":1,"minecraft:torch":12},"minecraft:mined":{"minecraft:tuff":29,"minecraft:deepslate_diamond_ore":13,"dynamictrees:birch_branch":73,"minecraft:glow_lichen":2,"minecraft:granite":28,"minecraft:grass_block":6,"vampirism:dark_spruce_log":26,"minecraft:mud_bricks":1,"minecraft:spawner":3,"minecraft:large_fern":3,"minecraft:iron_ore":41,"minecraft:andesite":6,"dynamictrees:oak_branch":166,"minecraft:deepslate_iron_ore":49,"minecraft:stone":165,"minecraft:tripwire":1,"vampirism:dark_stone":6,"minecraft:powder_snow":1,"minecraft:oak_fence":1,"minecraft:torch":16,"minecraft:cobblestone":6,"minecraft:tall_grass":3,"minecraft:deepslate_gold_ore":1,"minecraft:oak_planks":1,"minecraft:diorite":15,"minecraft:wall_torch":24,"minecraft:air":137,"minecraft:birch_planks":2,"minecraft:red_terracotta":8,"minecraft:blue_terracotta":7,"minecraft:birch_leaves":1,"dynamictrees:birch_leaves":3,"minecraft:grass":40,"minecraft:coal_ore":54,"minecraft:oak_log":30,"minecraft:dirt":12,"minecraft:cobweb":51,"minecraft:oak_leaves":10,"minecraft:deepslate":432},"minecraft:dropped":{"vampirism:item_garlic":2,"minecraft:enchanted_book":2,"minecraft:birch_planks":1,"minecraft:cobblestone":1,"minecraft:activator_rail":3,"minecraft:rail":15,"minecraft:coal":3,"minecraft:diorite":32,"tombstone:grave_dust":6,"minecraft:string":12,"vampirism:garlic_bread":5,"minecraft:cobbled_deepslate":224,"vampirism:holy_water_bottle_normal":1,"minecraft:tuff":13,"minecraft:raw_iron":6,"vampirism:holy_water_bottle_enhanced":1,"evilcraft:box_of_eternal_closure":1,"minecraft:rotten_flesh":3,"sophisticatedbackpacks:backpack":1,"minecraft:beetroot_seeds":1,"farmersdelight:rope":1,"minecraft:spider_eye":2},"minecraft:broken":{"minecraft:stone_sword":1,"easy_hammers:stone_hammer":1,"minecraft:wooden_pickaxe":1,"minecraft:stone_pickaxe":3,"easy_hammers:iron_hammer":1,"minecraft:stone_axe":5,"minecraft:wooden_axe":4},"minecraft:used":{"minecraft:netherite_sword":3,"minecraft:blue_terracotta":4,"minecraft:stone_sword":80,"easy_hammers:stone_hammer":161,"minecraft:cooked_salmon":4,"minecraft:cooked_chicken":3,"minecraft:rotten_flesh":27,"minecraft:torch":51,"minecraft:dirt":81,"minecraft:carrot":1,"minecraft:granite":23,"minecraft:wooden_axe":141,"easy_hammers:iron_hammer":250,"evilcraft:flesh_humanoid":2,"minecraft:oak_sapling":9,"minecraft:furnace":6,"duckling:duck_egg":2,"tombstone:gift":8,"minecraft:egg":2,"minecraft:cooked_beef":1,"minecraft:cobbled_deepslate":14,"minecraft:cooked_mutton":6,"minecraft:birch_planks":6,"minecraft:stone_pickaxe":391,"minecraft:oak_planks":28,"minecraft:wooden_pickaxe":59,"minecraft:white_wool":2,"minecraft:rail":1,"minecraft:crafting_table":10,"minecraft:spider_eye":1,"minecraft:white_bed":1,"alexsmobs:flying_fish":1,"minecraft:apple":3,"minecraft:bread":7,"minecraft:string":1,"minecraft:iron_pickaxe":21,"tombstone:grave_key":1,"minecraft:stone_axe":647,"minecraft:cobblestone":56,"minecraft:cooked_porkchop":3,"minecraft:andesite":10,"minecraft:chest_minecart":1},"minecraft:killed":{"vampirism:vampire":7,"minecraft:cave_spider":18,"vampirism:advanced_vampire":1,"alexsmobs:raccoon":1,"minecraft:spider":10,"minecraft:horse":2,"minecraft:skeleton":6,"minecraft:chicken":5,"minecraft:silverfish":1,"minecraft:drowned":2,"alexsmobs:flying_fish":1,"minecraft:pig":4,"minecraft:creeper":3,"minecraft:sheep":6,"evilcraft:poisonous_libelle":1,"minecraft:zombie":24,"alexsmobs:cockroach":1},"minecraft:killed_by":{"vampirism:advanced_vampire":1,"minecraft:player":1,"minecraft:spider":1,"minecraft:skeleton":1,"minecraft:zombie":2,"iceandfire:cockatrice":1,"vampirism:vampire":1},"minecraft:custom":{"minecraft:mob_kills":94,"minecraft:interact_with_crafting_table":51,"minecraft:damage_dealt_resisted":991,"minecraft:leave_game":11,"minecraft:time_since_death":46485,"minecraft:climb_one_cm":3701,"vampirism:amount_bitten":1,"minecraft:sprint_one_cm":269726,"minecraft:walk_one_cm":1625766,"minecraft:drop":39,"vampirism:skills_unlocked":1,"minecraft:play_time":273006,"minecraft:deaths":9,"minecraft:sneak_time":6872,"minecraft:walk_under_water_one_cm":19463,"minecraft:jump":2910,"minecraft:walk_on_water_one_cm":52166,"minecraft:total_world_time":273006,"vampirism:blood_drunk":400,"minecraft:interact_with_furnace":48,"minecraft:time_since_rest":46242,"minecraft:damage_taken":4304,"minecraft:damage_dealt":16817,"minecraft:swim_one_cm":13650,"minecraft:fly_one_cm":278023,"minecraft:player_kills":1,"minecraft:open_chest":22,"minecraft:crouch_one_cm":14905,"tombstone:undead_killed":32,"minecraft:fall_one_cm":39730},"minecraft:picked_up":{"minecraft:chicken":5,"vampirism:dark_spruce_log":12,"minecraft:chest_minecart":1,"minecraft:enchanted_book":2,"vampirism:holy_water_bottle_normal":2,"minecraft:string":79,"evilcraft:poison_sac":1,"minecraft:activator_rail":6,"minecraft:cobbled_deepslate":745,"vampirism:garlic_bread":5,"minecraft:iron_pickaxe":1,"minecraft:egg":5,"minecraft:raw_iron":92,"minecraft:stick":43,"minecraft:oak_fence":1,"minecraft:torch":43,"sophisticatedbackpacks:backpack":1,"minecraft:porkchop":7,"vampirism:holy_water_bottle_enhanced":2,"tombstone:grave_dust":11,"minecraft:diorite":32,"minecraft:carrot":1,"evilcraft:box_of_eternal_closure":2,"minecraft:arrow":3,"vampirism:blood_bottle":2,"minecraft:rotten_flesh":37,"vampirism:cobbled_dark_stone":6,"minecraft:beetroot_seeds":3,"farmersdelight:rope":3,"tombstone:essence_of_undeath":1,"minecraft:mutton":9,"vampirism:heart_seeker_enhanced":1,"minecraft:rail":23,"minecraft:white_wool":6,"alexsmobs:flying_fish":1,"minecraft:cobblestone":204,"minecraft:birch_log":5,"minecraft:air":0,"minecraft:mud_bricks":1,"minecraft:feather":3,"farmersdelight:rice":2,"minecraft:andesite":10,"minecraft:leather":4,"minecraft:birch_planks":2,"paraglider:spirit_orb":6,"minecraft:tuff":13,"minecraft:oak_log":36,"minecraft:gunpowder":2,"minecraft:lapis_lazuli":18,"minecraft:dirt":81,"minecraft:bone":4,"minecraft:apple":3,"minecraft:wheat_seeds":2,"vampirism:item_garlic":2,"dynamictrees:birch_seed":3,"minecraft:oak_planks":1,"duckling:duck_egg":4,"vampirism:dark_spruce_sapling":2,"vampirism:ring":1,"chococraft:gysahl_green_seeds":1,"minecraft:red_terracotta":8,"minecraft:spider_eye":10,"minecraft:blue_terracotta":7,"minecraft:diamond":15,"minecraft:granite":29,"minecraft:bread":3,"minecraft:oak_sapling":15,"minecraft:coal":53}},"DataVersion":3465}