{"stats":{"minecraft:mined":{"minecraft:dark_oak_planks":4,"minecraft:spruce_planks":2,"minecraft:white_bed":1,"minecraft:black_terracotta":3,"minecraft:obsidian":3,"minecraft:cave_vines_plant":5,"minecraft:granite":4,"minecraft:grass_block":126,"vampirism:dark_spruce_log":1,"chisel:solid_bricks/black_concrete":4,"minecraft:mud_bricks":1,"minecraft:spawner":7,"minecraft:tall_seagrass":1,"minecraft:magma_block":3,"minecraft:iron_ore":8,"minecraft:cobbled_deepslate":14,"minecraft:fire":12,"chococraft:gysahl_green":20,"minecraft:cave_vines":1,"minecraft:oak_stairs":1,"minecraft:green_carpet":1,"minecraft:player_head":3,"minecraft:deepslate_redstone_ore":2,"minecraft:blue_wall_banner":1,"chisel:soft_bricks/black_concrete":13,"minecraft:cyan_terracotta":4,"minecraft:clay":6,"minecraft:torch":2,"minecraft:poppy":3,"chisel:triple_bricks/stone":1,"minecraft:cobblestone":3,"minecraft:oak_planks":7,"minecraft:wall_torch":2,"minecraft:skeleton_skull":2,"farmersdelight:sandy_shrub":3,"minecraft:black_concrete_powder":4,"minecraft:lilac":1,"dynamictrees:birch_leaves":3,"minecraft:black_bed":2,"minecraft:wither_rose":1,"minecraft:grass":445,"minecraft:oak_log":2,"minecraft:acacia_fence":1,"minecraft:sand":99,"minecraft:dirt":204,"minecraft:netherrack":1,"iceandfire:dread_stone_bricks":1,"minecraft:deepslate":583,"minecraft:dark_prismarine":10,"minecraft:red_carpet":1,"minecraft:tuff":95,"minecraft:deepslate_diamond_ore":14,"minecraft:spruce_fence":3,"vampirism:vampire_orchid":1,"iceandfire:chared_dirt":4,"farmersdelight:wild_cabbages":2,"minecraft:moss_block":1,"minecraft:large_fern":9,"dynamictrees:oak_leaves":14,"minecraft:packed_mud":1,"minecraft:furnace":3,"minecraft:carrots":16,"minecraft:acacia_wood":2,"iceandfire:chared_gravel":1,"minecraft:andesite":5,"minecraft:black_concrete":21,"dynamictrees:spruce_leaves":5,"farmersdelight:rope":1,"minecraft:deepslate_iron_ore":5,"minecraft:vine":1,"minecraft:stripped_oak_log":2,"minecraft:stone":258,"sophisticatedbackpacks:backpack":1,"minecraft:ender_chest":1,"minecraft:mud_brick_slab":1,"minecraft:flowering_azalea":1,"minecraft:glass_pane":3,"minecraft:brown_carpet":4,"vampirism:cursed_spruce_log":13,"minecraft:dandelion":2,"minecraft:crafting_table":5,"minecraft:cornflower":1,"minecraft:cyan_stained_glass_pane":2,"minecraft:sculk_sensor":4,"minecraft:copper_ore":2,"minecraft:tall_grass":126,"minecraft:lapis_ore":2,"minecraft:sculk":5,"minecraft:diorite":15,"minecraft:sea_pickle":1,"minecraft:sweet_berry_bush":6,"minecraft:coal_ore":3,"evilcraft:blood_stain":1,"minecraft:gravel":59,"minecraft:stripped_acacia_wood":5,"minecraft:polished_andesite":2,"minecraft:small_dripleaf":1,"minecraft:fern":3},"minecraft:killed":{"vampirism:vampire":3,"minecraft:cave_spider":2,"minecraft:spider":5,"alexsmobs:snow_leopard":1,"minecraft:skeleton":17,"minecraft:chicken":1,"minecraft:wolf":1,"minecraft:pig":8,"alexsmobs:seal":2,"minecraft:creeper":1,"minecraft:sheep":5,"minecraft:zombie":15,"minecraft:stray":1,"iceandfire:dread_ghoul":1,"minecraft:cow":3,"mca:female_zombie_villager":1,"mca:male_zombie_villager":1,"alexsmobs:seagull":1,"iceandfire:fire_dragon":1,"minecraft:drowned":2,"iceandfire:hippocampus":1,"minecraft:squid":4,"iceandfire:ghost":2,"alexsmobs:moose":1,"minecraft:enderman":1},"minecraft:dropped":{"minecraft:iron_sword":1,"minecraft:lapis_lazuli":38,"minecraft:oak_log":12,"minecraft:ender_pearl":1,"minecraft:diamond":22,"minecraft:cooked_porkchop":2,"sophisticatedbackpacks:auto_smelting_upgrade":1,"iceandfire:chared_dirt":1,"minecraft:glow_berries":1,"iceandfire:fire_dragon_flesh":1,"minecraft:leather":1,"minecraft:cracked_stone_bricks":3,"iceandfire:dread_stone_bricks_cracked":2,"paraglider:spirit_orb":2,"minecraft:red_carpet":1,"minecraft:cyan_terracotta":2,"minecraft:dirt":3,"minecraft:grass":1,"evilcraft:broom":1,"iceandfire:chared_gravel":1,"minecraft:gold_nugget":26,"minecraft:sand":6,"minecraft:dark_oak_planks":2,"minecraft:white_wool":7,"minecraft:bone":3,"minecraft:gravel":6,"minecraft:spyglass":1,"dynamictrees:oak_seed":12,"alexsmobs:animal_dictionary":1,"minecraft:cobbled_deepslate":2288,"minecraft:rotten_flesh":9,"minecraft:oak_planks":8,"evilcraft:poison_sac":1,"evilcraft:flesh_humanoid":4,"alexsmobs:cachalot_whale_tooth":1,"sophisticatedbackpacks:diamond_backpack":1,"mca:engagement_ring":1,"minecraft:poppy":2,"minecraft:tipped_arrow":1,"mca:villager_editor":1,"minecraft:arrow":16,"minecraft:stone_brick_stairs":1,"vampirism:item_garlic":2,"minecraft:iron_ingot":4,"minecraft:bread":3,"minecraft:wheat_seeds":70,"dynamictrees:birch_seed":1,"minecraft:iron_helmet":3,"minecraft:cobblestone":20,"chococraft:gysahl_green_seeds":42,"mca:wedding_ring":1,"minecraft:stick":35,"minecraft:golden_carrot":5,"minecraft:torch":19,"tombstone:grave_dust":7,"minecraft:iron_leggings":2,"iceandfire:dragon_skull_fire":1,"minecraft:dandelion":1,"iceandfire:dragonbone":3,"minecraft:waxed_weathered_cut_copper_stairs":1,"minecraft:nether_brick_slab":4,"minecraft:furnace":1,"alexsmobs:maggot":1,"minecraft:player_head":1,"minecraft:dark_prismarine_stairs":1,"minecraft:tuff":87,"farmersdelight:cabbage_seeds":2,"minecraft:iron_boots":2,"minecraft:spruce_fence":6,"minecraft:filled_map":1,"minecraft:bundle":1,"minecraft:iron_chestplate":4,"minecraft:mossy_stone_bricks":1,"iceandfire:silver_ingot":3,"minecraft:spider_eye":3,"iceandfire:fire_dragon_heart":1,"minecraft:stone_pickaxe":1,"minecraft:magma_block":17,"chisel:prism/stone":1,"minecraft:dark_prismarine":66},"minecraft:used":{"minecraft:iron_shovel":328,"minecraft:diamond_hoe":56,"minecraft:oak_sign":1,"minecraft:chest":1,"minecraft:iron_sword":21,"minecraft:player_head":4,"minecraft:rotten_flesh":6,"minecraft:mutton":4,"minecraft:carrot":84,"minecraft:tuff":77,"minecraft:cyan_terracotta":7,"minecraft:golden_sword":32,"minecraft:brown_carpet":2,"minecraft:sweet_berries":11,"minecraft:furnace":11,"minecraft:skeleton_skull":1,"minecraft:egg":8,"minecraft:diorite":5,"minecraft:oak_planks":1,"minecraft:stone_pickaxe":70,"minecraft:wooden_pickaxe":11,"iceandfire:dread_stone_bricks":4,"minecraft:golden_apple":10,"minecraft:sand":3,"vampirism:cursed_spruce_door":1,"minecraft:black_concrete_powder":76,"minecraft:black_bed":2,"minecraft:shears":3,"chisel:triple_bricks/stone":77,"sophisticatedbackpacks:backpack":1,"easy_hammers:diamond_hammer":1007,"minecraft:bread":20,"tombstone:grave_key":14,"chisel:soft_bricks/black_concrete":13,"chisel:solid_bricks/black_concrete":9,"vampirism:dark_spruce_sapling":5,"minecraft:diamond_sword":95,"chococraft:gysahl_green":47,"minecraft:oak_boat":1,"minecraft:bone_meal":6,"minecraft:stripped_acacia_wood":5,"vampirism:dark_spruce_fence":6,"minecraft:spruce_planks":2,"easy_hammers:stone_hammer":109,"dynamictrees:oak_seed":1,"minecraft:torch":8,"minecraft:dirt":141,"minecraft:spyglass":81,"alexsmobs:moose_ribs":1,"farmersdelight:rope":1,"minecraft:wooden_axe":39,"easy_hammers:iron_hammer":515,"evilcraft:box_of_eternal_closure":2,"evilcraft:flesh_humanoid":1,"vampirism:cursed_spruce_boat":1,"minecraft:beef":5,"duckling:duck_egg":7,"minecraft:netherite_pickaxe":319,"tombstone:gift":9,"minecraft:cobbled_deepslate":189,"minecraft:cooked_mutton":8,"minecraft:water_bucket":2,"iceandfire:fire_dragon_flesh":1,"iceandfire:chared_dirt":4,"minecraft:crafting_table":9,"minecraft:spider_eye":1,"minecraft:white_bed":2,"iceandfire:ash":1,"minecraft:spruce_sapling":1,"minecraft:cobblestone":305,"minecraft:porkchop":6,"minecraft:cooked_porkchop":8,"minecraft:bucket":2,"alexsmobs:animal_dictionary":9},"minecraft:crafted":{"minecraft:black_dye":9,"minecraft:oak_planks":40,"easy_hammers:iron_hammer":3,"minecraft:oak_sign":3,"minecraft:stone":64,"minecraft:cooked_mutton":8,"sophisticatedbackpacks:smelting_upgrade":1,"minecraft:hopper":3,"minecraft:diamond_helmet":1,"minecraft:diamond_leggings":1,"minecraft:iron_boots":1,"tombstone:grave_key":1,"iceandfire:armor_gray_helmet":1,"minecraft:chest":4,"chisel:chisel":1,"iceandfire:armor_gray_boots":1,"minecraft:cooked_porkchop":11,"minecraft:crafting_table":4,"minecraft:spruce_planks":232,"minecraft:wooden_pickaxe":1,"minecraft:iron_helmet":2,"sophisticatedbackpacks:upgrade_base":1,"iceandfire:armor_gray_chestplate":1,"minecraft:iron_chestplate":2,"vampirism:dark_spruce_planks":60,"sophisticatedbackpacks:diamond_backpack":1,"minecraft:stick":20,"sophisticatedbackpacks:auto_smelting_upgrade":1,"minecraft:iron_ingot":30,"minecraft:gold_ingot":9,"minecraft:shears":1,"vampirism:cursed_spruce_boat":1,"vampirism:cursed_spruce_door":3,"minecraft:diamond_hoe":1,"vampirism:cursed_spruce_planks":48,"minecraft:furnace":10,"easy_hammers:stone_hammer":1,"minecraft:bone_meal":75,"vampirism:dark_spruce_fence":9,"minecraft:white_concrete_powder":8,"minecraft:black_concrete_powder":72,"minecraft:stone_pickaxe":1,"minecraft:diamond_boots":1,"sophisticatedbackpacks:iron_backpack":1,"easy_hammers:diamond_hammer":1,"minecraft:diamond_sword":1,"mca:engagement_ring":2,"minecraft:iron_sword":1,"sophisticatedbackpacks:gold_backpack":1,"minecraft:bucket":2,"minecraft:air":0,"minecraft:oak_boat":1,"minecraft:white_dye":1,"minecraft:wooden_axe":1,"minecraft:iron_shovel":1,"minecraft:iron_leggings":1,"minecraft:white_bed":1,"minecraft:torch":8,"mca:wedding_ring":2,"minecraft:diamond_chestplate":1},"minecraft:picked_up":{"iceandfire:dread_stone_bricks":4,"minecraft:iron_chestplate":1,"chococraft:loverly_gysahl_green":2,"minecraft:diamond_sword":1,"minecraft:wither_rose":2,"minecraft:enchanted_book":2,"minecraft:stone_brick_stairs":1,"minecraft:string":1,"minecraft:raw_copper":7,"minecraft:iron_leggings":1,"vampirism:cursed_spruce_planks":9,"minecraft:cobbled_deepslate":1663,"minecraft:gold_nugget":46,"minecraft:spruce_planks":2,"dynamictrees:oak_seed":13,"alexsmobs:raccoon_tail":1,"farmersdelight:cabbage_seeds":2,"minecraft:furnace":4,"minecraft:iron_boots":1,"minecraft:tipped_arrow":1,"minecraft:stick":59,"minecraft:torch":24,"minecraft:porkchop":11,"iceandfire:rotten_egg":1,"vampirism:vampire_fang":2,"tombstone:grave_dust":17,"minecraft:diorite":14,"minecraft:brown_carpet":2,"minecraft:yellow_banner":2,"evilcraft:box_of_eternal_closure":1,"minecraft:rotten_flesh":24,"iceandfire:fire_dragon_heart":2,"minecraft:cyan_terracotta":9,"minecraft:obsidian":46,"minecraft:cobblestone":666,"minecraft:magma_block":17,"minecraft:black_bed":2,"paraglider:spirit_orb":4,"minecraft:tuff":65,"evilcraft:flesh_humanoid":1,"minecraft:lapis_lazuli":76,"minecraft:dirt":225,"minecraft:bone":22,"minecraft:wheat_seeds":95,"vampirism:item_garlic":2,"minecraft:mossy_stone_bricks":1,"minecraft:diamond_helmet":1,"minecraft:oak_planks":10,"duckling:duck_egg":7,"vampirism:cursed_spruce_log":12,"minecraft:cooked_porkchop":4,"vampirism:dark_spruce_sapling":5,"minecraft:stripped_acacia_wood":5,"iceandfire:dragon_skull_fire":2,"iceandfire:shiny_scales":3,"minecraft:sand":9,"vampirism:crucifix_normal":1,"chisel:prism/stone":1,"minecraft:dark_prismarine":33,"minecraft:bundle":3,"minecraft:diamond":10,"minecraft:polished_blackstone_button":2,"evilcraft:broom":3,"minecraft:grass":1,"alexsmobs:moose_ribs":1,"minecraft:blue_banner":1,"alexsmobs:maggot":1,"chisel:triple_bricks/stone":109,"minecraft:crafting_table":3,"minecraft:chicken":1,"minecraft:ladder":1,"vampirism:dark_spruce_log":15,"minecraft:brown_mushroom":1,"dynamictrees:spruce_seed":6,"minecraft:iron_axe":3,"evilcraft:poison_sac":1,"minecraft:white_carpet":1,"minecraft:iron_shovel":1,"minecraft:cracked_stone_bricks":3,"minecraft:dark_prismarine_stairs":1,"minecraft:oak_boat":1,"iceandfire:dread_shard":6,"minecraft:player_head":7,"minecraft:poppy":2,"duckling:raw_duck":1,"minecraft:egg":8,"minecraft:raw_iron":56,"iceandfire:dragonbone":15,"iceandfire:dragonscales_gray":19,"iceandfire:dragonscales_green":15,"minecraft:spruce_fence":3,"sophisticatedbackpacks:backpack":2,"minecraft:carrot":45,"minecraft:redstone":8,"minecraft:dark_oak_planks":4,"mca:book_blueprint":1,"iceandfire:silver_ingot":3,"minecraft:arrow":20,"minecraft:diamond_chestplate":1,"vampirism:cursed_spruce_boat":1,"iceandfire:chared_dirt":5,"minecraft:diamond_boots":1,"minecraft:mutton":4,"minecraft:skeleton_skull":7,"minecraft:white_wool":9,"minecraft:stripped_oak_log":2,"minecraft:golden_carrot":5,"minecraft:birch_planks":1,"alexsmobs:cachalot_whale_tooth":1,"minecraft:oak_log":16,"iceandfire:ectoplasm":6,"iceandfire:dread_stone_bricks_cracked":2,"easy_hammers:iron_hammer":1,"tombstone:gift":2,"minecraft:red_carpet":1,"chococraft:gysahl_green":61,"minecraft:iron_ingot":6,"dynamictrees:birch_seed":1,"minecraft:stone_pickaxe":1,"mca:villager_editor":1,"minecraft:iron_sword":1,"iceandfire:fire_dragon_flesh":3,"sophisticatedbackpacks:diamond_backpack":1,"minecraft:sweet_berries":11,"iceandfire:ash":4,"minecraft:spyglass":1,"minecraft:gravel":6,"minecraft:spruce_sapling":8,"chococraft:gysahl_green_seeds":62,"minecraft:nether_brick_slab":3,"minecraft:white_bed":1,"minecraft:spider_eye":4,"vampirism:vampire_orchid":1,"tombstone:magic_scroll":2,"iceandfire:chared_gravel":1,"minecraft:coal":17,"minecraft:ender_pearl":2},"minecraft:broken":{"minecraft:iron_shovel":1,"minecraft:golden_sword":1,"easy_hammers:iron_hammer":2,"minecraft:wooden_axe":1,"easy_hammers:diamond_hammer":1,"easy_hammers:stone_hammer":1},"minecraft:custom":{"minecraft:animals_bred":1,"minecraft:interact_with_crafting_table":64,"minecraft:open_barrel":7,"minecraft:leave_game":8,"minecraft:time_since_death":187209,"minecraft:sprint_one_cm":1948730,"minecraft:drop":182,"minecraft:play_noteblock":2,"minecraft:talked_to_villager":4,"minecraft:play_time":887797,"minecraft:deaths":72,"minecraft:jump":11919,"vampirism:action_time_disguise_hunter":195,"minecraft:walk_on_water_one_cm":157012,"minecraft:interact_with_furnace":27,"vampirism:action_used_bat":1,"minecraft:sleep_in_bed":16,"vampirism:actions_used":2,"minecraft:open_enderchest":1,"minecraft:damage_dealt":21277,"minecraft:player_kills":3,"minecraft:crouch_one_cm":27106,"tombstone:undead_killed":40,"minecraft:mob_kills":90,"tombstone:use_vanishing":1,"vampirism:action_time_bat":160,"minecraft:damage_dealt_resisted":223,"minecraft:climb_one_cm":11264,"vampirism:amount_bitten":1,"minecraft:walk_one_cm":1472937,"vampirism:skills_unlocked":8,"minecraft:sneak_time":13014,"minecraft:walk_under_water_one_cm":105972,"minecraft:boat_one_cm":303827,"minecraft:interact_with_blast_furnace":1,"minecraft:total_world_time":887797,"minecraft:tune_noteblock":7,"minecraft:time_since_rest":45068,"minecraft:damage_taken":24087,"minecraft:damage_absorbed":218,"minecraft:trigger_trapped_chest":9,"vampirism:action_used_disguise_hunter":1,"tombstone:cast_on_ally":1,"minecraft:swim_one_cm":573800,"minecraft:fly_one_cm":2693499,"minecraft:open_chest":133,"minecraft:fall_one_cm":334184},"minecraft:killed_by":{"vampirism:advanced_vampire":1,"minecraft:wither_skeleton":5,"iceandfire:dread_ghoul":2,"iceandfire:sea_serpent":5,"minecraft:vindicator":1,"minecraft:zombie":4,"vampirism:vampire":1,"iceandfire:fire_dragon":15,"minecraft:player":4,"minecraft:spider":3,"creeperoverhaul:beach_creeper":1,"minecraft:hoglin":2,"minecraft:skeleton":11,"iceandfire:ghost":3}},"DataVersion":3465}