{"stats":{"minecraft:picked_up":{"chococraft:loverly_gysahl_green":2,"vampirism:dark_spruce_log":1,"minecraft:torch":4,"minecraft:sand":3,"minecraft:oak_log":4,"iceandfire:rotten_egg":1,"chococraft:gysahl_green_seeds":21,"minecraft:spider_eye":1,"minecraft:dirt":18,"evilcraft:poison_sac":1,"minecraft:rotten_flesh":2,"minecraft:arrow":1,"chococraft:gysahl_green":61,"minecraft:wheat_seeds":6,"vampirism:vampire_orchid":1,"alexsmobs:raccoon_tail":1,"minecraft:oak_planks":3,"minecraft:mutton":4,"minecraft:coal":1,"farmersdelight:cabbage_seeds":2,"minecraft:white_wool":2,"minecraft:egg":1},"minecraft:killed_by":{"vampirism:advanced_vampire":1,"minecraft:player":1,"minecraft:skeleton":1,"minecraft:spider":1},"minecraft:killed":{"minecraft:sheep":2,"alexsmobs:seal":2},"minecraft:custom":{"minecraft:time_since_rest":7498,"minecraft:sprint_one_cm":202426,"minecraft:damage_taken":2080,"minecraft:walk_one_cm":161495,"minecraft:mob_kills":10,"minecraft:drop":7,"minecraft:damage_dealt":850,"minecraft:interact_with_crafting_table":1,"minecraft:swim_one_cm":52526,"minecraft:fly_one_cm":293782,"minecraft:crouch_one_cm":930,"minecraft:play_time":75716,"minecraft:deaths":7,"minecraft:sneak_time":979,"minecraft:walk_under_water_one_cm":23394,"minecraft:jump":1425,"minecraft:leave_game":2,"minecraft:time_since_death":7761,"minecraft:walk_on_water_one_cm":36912,"minecraft:total_world_time":75716,"minecraft:fall_one_cm":37989},"minecraft:crafted":{"vampirism:dark_spruce_planks":4,"minecraft:stick":4,"minecraft:wooden_axe":1},"minecraft:used":{"tombstone:grave_key":1,"evilcraft:flesh_humanoid":1,"minecraft:torch":3,"minecraft:dirt":18,"minecraft:sand":3,"minecraft:mutton":4,"alexsmobs:animal_dictionary":2,"minecraft:spider_eye":1,"chococraft:gysahl_green":18,"minecraft:egg":1},"minecraft:mined":{"farmersdelight:sandy_shrub":3,"minecraft:dandelion":1,"minecraft:torch":2,"vampirism:dark_spruce_log":1,"minecraft:grass":66,"chococraft:gysahl_green":20,"minecraft:grass_block":8,"minecraft:poppy":1,"evilcraft:blood_stain":1,"vampirism:vampire_orchid":1,"minecraft:sand":4,"minecraft:dirt":17,"minecraft:tall_grass":15,"farmersdelight:wild_cabbages":2,"minecraft:wall_torch":2},"minecraft:dropped":{"minecraft:wheat_seeds":3,"farmersdelight:cabbage_seeds":2,"chococraft:gysahl_green_seeds":1,"evilcraft:poison_sac":1}},"DataVersion":3465}