{"stats":{"minecraft:crafted":{"vampirism:cursed_spruce_planks":48,"minecraft:cooked_mutton":4,"minecraft:air":0,"vampirism:dark_spruce_planks":4,"minecraft:stick":4,"minecraft:wooden_axe":1},"minecraft:dropped":{"minecraft:wheat_seeds":3,"farmersdelight:cabbage_seeds":2,"chococraft:gysahl_green_seeds":1,"evilcraft:poison_sac":1},"minecraft:mined":{"minecraft:blue_wall_banner":1,"vampirism:cursed_spruce_log":13,"minecraft:dandelion":1,"minecraft:torch":2,"minecraft:grass_block":10,"minecraft:poppy":1,"vampirism:dark_spruce_log":1,"vampirism:vampire_orchid":1,"minecraft:tall_grass":23,"farmersdelight:wild_cabbages":2,"minecraft:wall_torch":2,"dynamictrees:oak_leaves":2,"farmersdelight:sandy_shrub":3,"minecraft:black_bed":1,"minecraft:grass":89,"chococraft:gysahl_green":20,"evilcraft:blood_stain":1,"minecraft:sand":4,"minecraft:dirt":17},"minecraft:broken":{"minecraft:wooden_axe":1},"minecraft:used":{"minecraft:cooked_mutton":4,"minecraft:torch":3,"minecraft:spyglass":11,"minecraft:dirt":18,"minecraft:sand":3,"minecraft:mutton":4,"minecraft:spider_eye":1,"minecraft:wooden_axe":39,"minecraft:bread":7,"tombstone:grave_key":1,"evilcraft:flesh_humanoid":1,"tombstone:gift":2,"chococraft:gysahl_green":23,"alexsmobs:animal_dictionary":5,"minecraft:egg":1},"minecraft:killed":{"vampirism:vampire":1,"alexsmobs:seal":2,"minecraft:sheep":2},"minecraft:killed_by":{"vampirism:advanced_vampire":1,"minecraft:player":1,"minecraft:skeleton":1,"minecraft:spider":2},"minecraft:custom":{"minecraft:interact_with_furnace":2,"minecraft:mob_kills":11,"minecraft:animals_bred":1,"minecraft:interact_with_crafting_table":1,"minecraft:tune_noteblock":7,"minecraft:open_barrel":1,"minecraft:damage_dealt_resisted":93,"minecraft:leave_game":3,"minecraft:time_since_death":18481,"minecraft:climb_one_cm":4254,"minecraft:time_since_rest":17906,"minecraft:sprint_one_cm":346364,"minecraft:damage_taken":2809,"minecraft:walk_one_cm":224642,"minecraft:drop":7,"minecraft:damage_dealt":1859,"minecraft:swim_one_cm":104505,"minecraft:fly_one_cm":474026,"minecraft:open_chest":15,"minecraft:crouch_one_cm":930,"minecraft:play_time":104652,"minecraft:deaths":9,"minecraft:sneak_time":991,"minecraft:walk_under_water_one_cm":28590,"minecraft:jump":2144,"minecraft:walk_on_water_one_cm":51351,"minecraft:total_world_time":104652,"minecraft:fall_one_cm":55760},"minecraft:picked_up":{"chococraft:loverly_gysahl_green":2,"vampirism:dark_spruce_log":1,"minecraft:black_bed":1,"minecraft:oak_log":4,"minecraft:dirt":19,"evilcraft:poison_sac":1,"chococraft:gysahl_green":61,"minecraft:wheat_seeds":12,"alexsmobs:raccoon_tail":1,"minecraft:oak_planks":3,"farmersdelight:cabbage_seeds":2,"minecraft:egg":1,"vampirism:cursed_spruce_log":12,"vampirism:dark_spruce_sapling":2,"minecraft:torch":4,"vampirism:crucifix_normal":1,"minecraft:sand":3,"iceandfire:rotten_egg":1,"chococraft:gysahl_green_seeds":21,"vampirism:vampire_fang":2,"minecraft:spider_eye":1,"minecraft:arrow":1,"minecraft:rotten_flesh":2,"minecraft:blue_banner":1,"vampirism:vampire_orchid":1,"minecraft:mutton":4,"minecraft:coal":1,"minecraft:white_wool":2}},"DataVersion":3465}