{"stats":{"minecraft:picked_up":{"chococraft:loverly_gysahl_green":2,"minecraft:torch":3,"minecraft:sand":3,"iceandfire:rotten_egg":1,"chococraft:gysahl_green_seeds":21,"minecraft:spider_eye":1,"minecraft:dirt":9,"evilcraft:poison_sac":1,"minecraft:rotten_flesh":2,"minecraft:arrow":1,"chococraft:gysahl_green":61,"minecraft:wheat_seeds":5,"alexsmobs:raccoon_tail":1,"minecraft:coal":1,"farmersdelight:cabbage_seeds":2,"minecraft:egg":1},"minecraft:killed_by":{"vampirism:advanced_vampire":1},"minecraft:killed":{"alexsmobs:seal":2},"minecraft:custom":{"minecraft:time_since_rest":4255,"minecraft:sprint_one_cm":134358,"minecraft:damage_taken":969,"minecraft:walk_one_cm":111162,"minecraft:mob_kills":8,"minecraft:drop":7,"minecraft:damage_dealt":657,"minecraft:swim_one_cm":29986,"minecraft:fly_one_cm":196409,"minecraft:crouch_one_cm":452,"minecraft:play_time":41268,"minecraft:deaths":3,"minecraft:sneak_time":758,"minecraft:walk_under_water_one_cm":7669,"minecraft:jump":889,"minecraft:walk_on_water_one_cm":11196,"minecraft:time_since_death":4529,"minecraft:total_world_time":41268,"minecraft:fall_one_cm":28672},"minecraft:used":{"evilcraft:flesh_humanoid":1,"minecraft:sand":3,"minecraft:torch":2,"minecraft:dirt":9,"minecraft:spider_eye":1,"chococraft:gysahl_green":12,"alexsmobs:animal_dictionary":1,"minecraft:egg":1},"minecraft:mined":{"farmersdelight:sandy_shrub":3,"minecraft:torch":2,"minecraft:grass":49,"chococraft:gysahl_green":20,"minecraft:grass_block":5,"evilcraft:blood_stain":1,"minecraft:sand":4,"minecraft:dirt":4,"minecraft:tall_grass":9,"farmersdelight:wild_cabbages":2,"minecraft:wall_torch":1},"minecraft:dropped":{"minecraft:wheat_seeds":3,"farmersdelight:cabbage_seeds":2,"chococraft:gysahl_green_seeds":1,"evilcraft:poison_sac":1}},"DataVersion":3465}