{"stats":{"minecraft:crafted":{"vampirism:cursed_spruce_planks":48,"minecraft:cooked_mutton":4,"minecraft:air":0,"vampirism:dark_spruce_planks":4,"minecraft:stick":4,"minecraft:wooden_axe":1},"minecraft:dropped":{"minecraft:wheat_seeds":3,"farmersdelight:cabbage_seeds":2,"chococraft:gysahl_green_seeds":1,"evilcraft:poison_sac":1,"minecraft:filled_map":1,"tombstone:grave_dust":3,"minecraft:sand":6},"minecraft:mined":{"minecraft:blue_wall_banner":1,"vampirism:cursed_spruce_log":13,"minecraft:dandelion":1,"minecraft:torch":2,"minecraft:grass_block":11,"minecraft:poppy":1,"vampirism:dark_spruce_log":1,"vampirism:vampire_orchid":1,"minecraft:tall_grass":24,"farmersdelight:wild_cabbages":2,"minecraft:wall_torch":2,"dynamictrees:oak_leaves":2,"farmersdelight:sandy_shrub":3,"minecraft:black_bed":1,"minecraft:grass":101,"chococraft:gysahl_green":20,"minecraft:vine":1,"evilcraft:blood_stain":1,"minecraft:sand":8,"minecraft:dirt":19},"minecraft:broken":{"minecraft:wooden_axe":1},"minecraft:used":{"minecraft:cooked_mutton":4,"minecraft:torch":3,"minecraft:spyglass":75,"minecraft:dirt":18,"minecraft:sand":3,"minecraft:mutton":4,"minecraft:spider_eye":1,"minecraft:wooden_axe":39,"minecraft:bread":9,"tombstone:grave_key":1,"evilcraft:flesh_humanoid":1,"tombstone:gift":3,"chococraft:gysahl_green":24,"alexsmobs:animal_dictionary":5,"minecraft:egg":1},"minecraft:killed":{"vampirism:vampire":1,"alexsmobs:seal":2,"minecraft:sheep":2,"minecraft:zombie":1},"minecraft:killed_by":{"vampirism:advanced_vampire":1,"minecraft:player":2,"minecraft:skeleton":1,"minecraft:spider":3,"iceandfire:ghost":3,"iceandfire:sea_serpent":5},"minecraft:custom":{"minecraft:interact_with_furnace":2,"minecraft:mob_kills":12,"minecraft:animals_bred":1,"minecraft:interact_with_crafting_table":1,"minecraft:tune_noteblock":7,"minecraft:open_barrel":1,"minecraft:damage_dealt_resisted":93,"minecraft:leave_game":3,"minecraft:time_since_death":10378,"minecraft:climb_one_cm":4254,"minecraft:time_since_rest":9836,"minecraft:sprint_one_cm":442351,"minecraft:damage_taken":5467,"minecraft:walk_one_cm":288791,"minecraft:trigger_trapped_chest":1,"minecraft:drop":13,"minecraft:damage_dealt":2647,"minecraft:swim_one_cm":214772,"minecraft:fly_one_cm":641223,"minecraft:open_chest":23,"minecraft:crouch_one_cm":1672,"minecraft:play_time":140652,"tombstone:undead_killed":1,"minecraft:deaths":19,"minecraft:sneak_time":1966,"minecraft:walk_under_water_one_cm":43935,"minecraft:jump":2765,"minecraft:walk_on_water_one_cm":67380,"minecraft:total_world_time":140652,"minecraft:fall_one_cm":71520},"minecraft:picked_up":{"chococraft:loverly_gysahl_green":2,"vampirism:dark_spruce_log":1,"minecraft:black_bed":1,"minecraft:brown_mushroom":1,"dynamictrees:spruce_seed":6,"minecraft:oak_log":11,"minecraft:dirt":19,"evilcraft:poison_sac":1,"chococraft:gysahl_green":61,"minecraft:wheat_seeds":18,"alexsmobs:raccoon_tail":1,"minecraft:oak_planks":3,"farmersdelight:cabbage_seeds":2,"minecraft:egg":1,"minecraft:stick":7,"vampirism:cursed_spruce_log":12,"vampirism:dark_spruce_sapling":2,"minecraft:torch":4,"vampirism:crucifix_normal":1,"minecraft:sand":9,"iceandfire:rotten_egg":1,"chococraft:gysahl_green_seeds":21,"tombstone:grave_dust":2,"vampirism:vampire_fang":2,"minecraft:spider_eye":1,"minecraft:arrow":1,"minecraft:rotten_flesh":5,"evilcraft:broom":2,"minecraft:blue_banner":1,"vampirism:vampire_orchid":1,"minecraft:mutton":4,"minecraft:coal":1,"minecraft:white_wool":2}},"DataVersion":3465}