{"stats":{"minecraft:crafted":{"minecraft:oak_planks":8,"easy_hammers:iron_hammer":2,"vampirism:cursed_spruce_planks":48,"minecraft:furnace":1,"easy_hammers:stone_hammer":1,"minecraft:bone_meal":6,"minecraft:cooked_mutton":4,"minecraft:diamond_helmet":1,"minecraft:diamond_leggings":1,"minecraft:iron_boots":1,"minecraft:stone_pickaxe":1,"minecraft:diamond_boots":1,"easy_hammers:diamond_hammer":1,"minecraft:crafting_table":1,"minecraft:iron_helmet":1,"minecraft:wooden_pickaxe":1,"minecraft:iron_sword":1,"minecraft:air":0,"minecraft:iron_chestplate":1,"vampirism:dark_spruce_planks":4,"minecraft:stick":4,"minecraft:iron_ingot":10,"minecraft:wooden_axe":1,"minecraft:iron_leggings":1,"minecraft:torch":4,"minecraft:diamond_chestplate":1},"minecraft:mined":{"minecraft:dark_oak_planks":2,"minecraft:dark_prismarine":1,"minecraft:red_carpet":1,"minecraft:tuff":52,"minecraft:deepslate_diamond_ore":9,"minecraft:obsidian":3,"minecraft:cave_vines_plant":3,"minecraft:granite":2,"minecraft:grass_block":16,"vampirism:dark_spruce_log":1,"vampirism:vampire_orchid":1,"farmersdelight:wild_cabbages":2,"minecraft:moss_block":1,"minecraft:spawner":2,"minecraft:large_fern":2,"dynamictrees:oak_leaves":5,"minecraft:packed_mud":1,"minecraft:furnace":1,"minecraft:iron_ore":8,"minecraft:cobbled_deepslate":3,"minecraft:andesite":4,"dynamictrees:spruce_leaves":3,"minecraft:cave_vines":1,"chococraft:gysahl_green":20,"farmersdelight:rope":1,"minecraft:deepslate_iron_ore":5,"minecraft:vine":1,"minecraft:stone":35,"sophisticatedbackpacks:backpack":1,"minecraft:ender_chest":1,"minecraft:mud_brick_slab":1,"minecraft:blue_wall_banner":1,"vampirism:cursed_spruce_log":13,"minecraft:dandelion":2,"minecraft:cornflower":1,"minecraft:crafting_table":4,"minecraft:torch":2,"minecraft:poppy":2,"minecraft:copper_ore":2,"minecraft:tall_grass":40,"minecraft:cobblestone":2,"minecraft:lapis_ore":2,"minecraft:diorite":15,"minecraft:wall_torch":2,"minecraft:skeleton_skull":1,"farmersdelight:sandy_shrub":3,"minecraft:sea_pickle":1,"dynamictrees:birch_leaves":3,"minecraft:black_bed":1,"minecraft:wither_rose":1,"minecraft:grass":156,"evilcraft:blood_stain":1,"minecraft:gravel":2,"minecraft:sand":8,"minecraft:dirt":21,"minecraft:polished_andesite":2,"minecraft:small_dripleaf":1,"iceandfire:dread_stone_bricks":1,"minecraft:deepslate":433},"minecraft:dropped":{"vampirism:item_garlic":2,"minecraft:iron_ingot":2,"minecraft:wheat_seeds":60,"minecraft:oak_log":12,"minecraft:iron_helmet":1,"minecraft:cobblestone":15,"chococraft:gysahl_green_seeds":21,"minecraft:cracked_stone_bricks":3,"minecraft:red_carpet":1,"minecraft:dirt":3,"tombstone:grave_dust":6,"minecraft:iron_leggings":1,"minecraft:sand":6,"minecraft:white_wool":7,"minecraft:bone":2,"minecraft:gravel":6,"alexsmobs:maggot":1,"minecraft:dark_prismarine_stairs":1,"minecraft:cobbled_deepslate":2140,"minecraft:tuff":87,"farmersdelight:cabbage_seeds":2,"minecraft:rotten_flesh":6,"minecraft:iron_boots":1,"evilcraft:poison_sac":1,"evilcraft:flesh_humanoid":2,"minecraft:filled_map":1,"minecraft:iron_chestplate":1,"minecraft:mossy_stone_bricks":1,"minecraft:spider_eye":3,"minecraft:arrow":11,"minecraft:stone_brick_stairs":1},"minecraft:broken":{"easy_hammers:stone_hammer":1,"easy_hammers:iron_hammer":1,"minecraft:wooden_axe":1},"minecraft:used":{"easy_hammers:stone_hammer":109,"minecraft:iron_sword":21,"dynamictrees:oak_seed":1,"minecraft:torch":4,"minecraft:dirt":18,"minecraft:spyglass":81,"minecraft:mutton":4,"alexsmobs:moose_ribs":1,"minecraft:tuff":13,"farmersdelight:rope":1,"minecraft:wooden_axe":39,"easy_hammers:iron_hammer":359,"evilcraft:box_of_eternal_closure":1,"evilcraft:flesh_humanoid":1,"minecraft:furnace":1,"duckling:duck_egg":4,"tombstone:gift":5,"minecraft:egg":1,"minecraft:cobbled_deepslate":159,"minecraft:cooked_mutton":4,"minecraft:stone_pickaxe":70,"minecraft:oak_planks":1,"minecraft:wooden_pickaxe":11,"iceandfire:dread_stone_bricks":4,"minecraft:sand":3,"minecraft:crafting_table":5,"minecraft:spider_eye":1,"sophisticatedbackpacks:backpack":1,"easy_hammers:diamond_hammer":439,"minecraft:bread":15,"tombstone:grave_key":2,"vampirism:dark_spruce_sapling":5,"minecraft:cobblestone":11,"chococraft:gysahl_green":47,"alexsmobs:animal_dictionary":9,"minecraft:bone_meal":6},"minecraft:killed":{"vampirism:vampire":2,"minecraft:cave_spider":2,"minecraft:spider":4,"alexsmobs:snow_leopard":1,"minecraft:skeleton":12,"minecraft:drowned":1,"minecraft:wolf":1,"alexsmobs:seal":2,"minecraft:sheep":2,"minecraft:zombie":4,"iceandfire:ghost":2,"minecraft:stray":1,"alexsmobs:moose":1,"iceandfire:dread_ghoul":1,"minecraft:enderman":1},"minecraft:killed_by":{"vampirism:advanced_vampire":1,"minecraft:player":3,"minecraft:spider":3,"iceandfire:dread_ghoul":2,"iceandfire:sea_serpent":5,"minecraft:skeleton":8,"minecraft:zombie":1,"iceandfire:ghost":3},"minecraft:custom":{"minecraft:mob_kills":45,"minecraft:animals_bred":1,"minecraft:interact_with_crafting_table":16,"minecraft:open_barrel":2,"minecraft:damage_dealt_resisted":223,"minecraft:leave_game":4,"minecraft:time_since_death":2787,"minecraft:climb_one_cm":7007,"minecraft:sprint_one_cm":748913,"minecraft:walk_one_cm":582638,"minecraft:drop":87,"minecraft:play_noteblock":2,"minecraft:play_time":302448,"minecraft:sneak_time":4075,"minecraft:deaths":35,"minecraft:walk_under_water_one_cm":52818,"minecraft:jump":4955,"minecraft:walk_on_water_one_cm":81179,"minecraft:total_world_time":302448,"minecraft:interact_with_furnace":7,"minecraft:tune_noteblock":7,"minecraft:time_since_rest":1990,"minecraft:open_enderchest":1,"minecraft:damage_taken":10399,"minecraft:trigger_trapped_chest":2,"minecraft:damage_dealt":10298,"minecraft:swim_one_cm":239882,"minecraft:fly_one_cm":1082718,"minecraft:player_kills":1,"minecraft:open_chest":34,"minecraft:crouch_one_cm":4251,"tombstone:undead_killed":21,"minecraft:fall_one_cm":134645},"minecraft:picked_up":{"iceandfire:dread_stone_bricks":4,"minecraft:crafting_table":2,"minecraft:iron_chestplate":1,"chococraft:loverly_gysahl_green":2,"minecraft:ladder":1,"vampirism:dark_spruce_log":15,"minecraft:brown_mushroom":1,"dynamictrees:spruce_seed":6,"minecraft:wither_rose":1,"minecraft:enchanted_book":1,"minecraft:stone_brick_stairs":1,"minecraft:string":1,"minecraft:raw_copper":7,"evilcraft:poison_sac":1,"minecraft:iron_leggings":1,"minecraft:cracked_stone_bricks":3,"minecraft:cobbled_deepslate":1570,"minecraft:dark_prismarine_stairs":1,"minecraft:player_head":1,"dynamictrees:oak_seed":1,"minecraft:poppy":1,"alexsmobs:raccoon_tail":1,"farmersdelight:cabbage_seeds":2,"minecraft:furnace":1,"minecraft:iron_boots":1,"minecraft:egg":1,"minecraft:tipped_arrow":1,"minecraft:stick":33,"minecraft:raw_iron":32,"minecraft:torch":5,"sophisticatedbackpacks:backpack":1,"iceandfire:rotten_egg":1,"minecraft:diorite":14,"tombstone:grave_dust":9,"vampirism:vampire_fang":2,"minecraft:rotten_flesh":12,"evilcraft:box_of_eternal_closure":1,"minecraft:arrow":15,"minecraft:obsidian":23,"minecraft:mutton":4,"minecraft:skeleton_skull":1,"minecraft:white_wool":2,"minecraft:cobblestone":38,"minecraft:black_bed":1,"minecraft:tuff":65,"minecraft:oak_log":14,"evilcraft:flesh_humanoid":1,"iceandfire:dread_stone_bricks_cracked":1,"minecraft:lapis_lazuli":38,"minecraft:dirt":22,"tombstone:gift":1,"minecraft:bone":17,"minecraft:red_carpet":1,"chococraft:gysahl_green":61,"minecraft:wheat_seeds":60,"vampirism:item_garlic":2,"minecraft:iron_ingot":4,"minecraft:mossy_stone_bricks":1,"minecraft:oak_planks":4,"duckling:duck_egg":4,"vampirism:cursed_spruce_log":12,"vampirism:dark_spruce_sapling":5,"minecraft:gravel":6,"minecraft:sand":9,"vampirism:crucifix_normal":1,"chococraft:gysahl_green_seeds":41,"minecraft:spider_eye":4,"minecraft:diamond":9,"evilcraft:broom":2,"alexsmobs:moose_ribs":1,"minecraft:blue_banner":1,"alexsmobs:maggot":1,"vampirism:vampire_orchid":1,"tombstone:magic_scroll":1,"minecraft:coal":5,"minecraft:ender_pearl":1}},"DataVersion":3465}