{"stats":{"minecraft:crafted":{"easy_hammers:iron_hammer":1,"minecraft:oak_planks":8,"minecraft:crafting_table":1,"minecraft:iron_helmet":1,"minecraft:wooden_pickaxe":1,"vampirism:cursed_spruce_planks":48,"minecraft:iron_sword":1,"minecraft:furnace":1,"easy_hammers:stone_hammer":1,"minecraft:bone_meal":6,"minecraft:cooked_mutton":4,"minecraft:air":0,"minecraft:iron_boots":1,"minecraft:iron_chestplate":1,"vampirism:dark_spruce_planks":4,"minecraft:stick":4,"minecraft:iron_ingot":10,"minecraft:stone_pickaxe":1,"minecraft:wooden_axe":1,"minecraft:iron_leggings":1,"minecraft:torch":4},"minecraft:mined":{"minecraft:blue_wall_banner":1,"vampirism:cursed_spruce_log":13,"minecraft:dandelion":1,"minecraft:crafting_table":4,"minecraft:granite":2,"minecraft:torch":2,"minecraft:grass_block":12,"minecraft:poppy":1,"vampirism:dark_spruce_log":1,"vampirism:vampire_orchid":1,"minecraft:copper_ore":2,"minecraft:tall_grass":38,"farmersdelight:wild_cabbages":2,"minecraft:lapis_ore":2,"minecraft:diorite":15,"minecraft:wall_torch":2,"dynamictrees:oak_leaves":2,"farmersdelight:sandy_shrub":3,"minecraft:furnace":1,"minecraft:iron_ore":8,"minecraft:andesite":4,"minecraft:black_bed":1,"minecraft:deepslate_iron_ore":5,"farmersdelight:rope":1,"minecraft:grass":131,"chococraft:gysahl_green":20,"minecraft:vine":1,"evilcraft:blood_stain":1,"minecraft:gravel":2,"minecraft:sand":8,"minecraft:dirt":21,"sophisticatedbackpacks:backpack":1,"minecraft:stone":35,"minecraft:deepslate":79},"minecraft:dropped":{"minecraft:gravel":6,"minecraft:wheat_seeds":22,"minecraft:oak_log":12,"farmersdelight:cabbage_seeds":2,"minecraft:rotten_flesh":6,"chococraft:gysahl_green_seeds":1,"evilcraft:poison_sac":1,"evilcraft:flesh_humanoid":1,"minecraft:filled_map":1,"minecraft:dirt":3,"tombstone:grave_dust":3,"minecraft:sand":6,"minecraft:white_wool":7},"minecraft:broken":{"easy_hammers:stone_hammer":1,"minecraft:wooden_axe":1},"minecraft:used":{"minecraft:cooked_mutton":4,"minecraft:stone_pickaxe":67,"minecraft:oak_planks":1,"minecraft:wooden_pickaxe":11,"easy_hammers:stone_hammer":109,"minecraft:iron_sword":14,"dynamictrees:oak_seed":1,"minecraft:torch":3,"minecraft:spyglass":81,"minecraft:dirt":18,"minecraft:sand":3,"minecraft:mutton":4,"minecraft:crafting_table":4,"minecraft:spider_eye":1,"farmersdelight:rope":1,"sophisticatedbackpacks:backpack":1,"minecraft:wooden_axe":39,"minecraft:bread":12,"tombstone:grave_key":1,"evilcraft:flesh_humanoid":1,"vampirism:dark_spruce_sapling":5,"minecraft:cobblestone":1,"minecraft:furnace":1,"tombstone:gift":3,"chococraft:gysahl_green":28,"alexsmobs:animal_dictionary":5,"minecraft:egg":1,"minecraft:bone_meal":6},"minecraft:killed":{"vampirism:vampire":1,"minecraft:cave_spider":2,"alexsmobs:seal":2,"minecraft:sheep":2,"minecraft:zombie":2},"minecraft:killed_by":{"vampirism:advanced_vampire":1,"minecraft:player":2,"minecraft:skeleton":1,"minecraft:spider":3,"minecraft:zombie":1,"iceandfire:ghost":3,"iceandfire:sea_serpent":5},"minecraft:custom":{"minecraft:interact_with_furnace":7,"minecraft:mob_kills":15,"minecraft:animals_bred":1,"minecraft:interact_with_crafting_table":10,"minecraft:tune_noteblock":7,"minecraft:open_barrel":1,"minecraft:damage_dealt_resisted":93,"minecraft:leave_game":3,"minecraft:time_since_death":35277,"minecraft:climb_one_cm":4468,"minecraft:time_since_rest":34999,"minecraft:sprint_one_cm":567659,"minecraft:damage_taken":6560,"minecraft:walk_one_cm":368170,"minecraft:trigger_trapped_chest":1,"minecraft:drop":23,"minecraft:damage_dealt":3114,"minecraft:swim_one_cm":216252,"minecraft:player_kills":1,"minecraft:fly_one_cm":782470,"minecraft:open_chest":23,"minecraft:crouch_one_cm":2276,"minecraft:play_time":194652,"tombstone:undead_killed":2,"minecraft:deaths":22,"minecraft:sneak_time":2556,"minecraft:walk_under_water_one_cm":44042,"minecraft:jump":3419,"minecraft:walk_on_water_one_cm":67989,"minecraft:total_world_time":194652,"minecraft:fall_one_cm":95306},"minecraft:picked_up":{"minecraft:crafting_table":2,"chococraft:loverly_gysahl_green":2,"vampirism:dark_spruce_log":15,"minecraft:black_bed":1,"minecraft:brown_mushroom":1,"dynamictrees:spruce_seed":6,"minecraft:oak_log":14,"evilcraft:flesh_humanoid":1,"minecraft:lapis_lazuli":11,"minecraft:string":1,"minecraft:dirt":22,"minecraft:raw_copper":7,"evilcraft:poison_sac":1,"minecraft:bone":2,"chococraft:gysahl_green":61,"minecraft:wheat_seeds":39,"minecraft:cobbled_deepslate":1004,"dynamictrees:oak_seed":1,"alexsmobs:raccoon_tail":1,"minecraft:oak_planks":4,"farmersdelight:cabbage_seeds":2,"minecraft:furnace":1,"minecraft:egg":1,"minecraft:raw_iron":26,"minecraft:stick":21,"vampirism:cursed_spruce_log":12,"vampirism:dark_spruce_sapling":5,"minecraft:torch":5,"sophisticatedbackpacks:backpack":1,"minecraft:gravel":6,"vampirism:crucifix_normal":1,"minecraft:sand":9,"iceandfire:rotten_egg":1,"chococraft:gysahl_green_seeds":21,"minecraft:diorite":14,"tombstone:grave_dust":2,"vampirism:vampire_fang":2,"minecraft:spider_eye":1,"minecraft:arrow":1,"minecraft:rotten_flesh":8,"evilcraft:broom":2,"minecraft:blue_banner":1,"vampirism:vampire_orchid":1,"minecraft:mutton":4,"minecraft:coal":5,"minecraft:white_wool":2,"minecraft:cobblestone":35}},"DataVersion":3465}