{"stats":{"minecraft:dropped":{"minecraft:wheat_seeds":3},"minecraft:mined":{"minecraft:grass":10,"minecraft:grass_block":5,"evilcraft:blood_stain":1,"minecraft:dirt":4,"minecraft:tall_grass":4},"minecraft:used":{"minecraft:dirt":9,"minecraft:egg":1,"evilcraft:flesh_humanoid":1},"minecraft:killed_by":{"vampirism:advanced_vampire":1},"minecraft:picked_up":{"minecraft:rotten_flesh":2,"minecraft:wheat_seeds":4,"iceandfire:rotten_egg":1,"minecraft:spider_eye":1,"minecraft:dirt":9,"minecraft:egg":1},"minecraft:custom":{"minecraft:time_since_rest":2887,"minecraft:crouch_one_cm":185,"minecraft:play_time":17716,"minecraft:sprint_one_cm":43606,"minecraft:deaths":2,"minecraft:damage_taken":614,"minecraft:walk_one_cm":63614,"minecraft:sneak_time":366,"minecraft:mob_kills":6,"minecraft:drop":3,"minecraft:jump":258,"minecraft:damage_dealt":256,"minecraft:time_since_death":3199,"minecraft:total_world_time":17716,"minecraft:fall_one_cm":7874,"minecraft:fly_one_cm":50817}},"DataVersion":3465}