{"stats":{"minecraft:picked_up":{"chococraft:loverly_gysahl_green":2,"minecraft:torch":3,"minecraft:sand":3,"iceandfire:rotten_egg":1,"chococraft:gysahl_green_seeds":21,"minecraft:spider_eye":1,"minecraft:dirt":9,"evilcraft:poison_sac":1,"minecraft:rotten_flesh":2,"minecraft:arrow":1,"chococraft:gysahl_green":61,"minecraft:wheat_seeds":6,"alexsmobs:raccoon_tail":1,"minecraft:mutton":4,"minecraft:coal":1,"farmersdelight:cabbage_seeds":2,"minecraft:white_wool":2,"minecraft:egg":1},"minecraft:killed_by":{"vampirism:advanced_vampire":1},"minecraft:killed":{"minecraft:sheep":2,"alexsmobs:seal":2},"minecraft:custom":{"minecraft:time_since_rest":6322,"minecraft:sprint_one_cm":151246,"minecraft:damage_taken":1129,"minecraft:walk_one_cm":120503,"minecraft:mob_kills":10,"minecraft:drop":7,"minecraft:damage_dealt":816,"minecraft:swim_one_cm":31785,"minecraft:fly_one_cm":228374,"minecraft:crouch_one_cm":930,"minecraft:play_time":51936,"minecraft:deaths":4,"minecraft:sneak_time":893,"minecraft:walk_under_water_one_cm":12096,"minecraft:jump":997,"minecraft:leave_game":1,"minecraft:time_since_death":8259,"minecraft:walk_on_water_one_cm":14857,"minecraft:total_world_time":51936,"minecraft:fall_one_cm":30135},"minecraft:used":{"evilcraft:flesh_humanoid":1,"minecraft:torch":2,"minecraft:dirt":9,"minecraft:sand":3,"minecraft:mutton":4,"alexsmobs:animal_dictionary":2,"minecraft:spider_eye":1,"chococraft:gysahl_green":12,"minecraft:egg":1},"minecraft:mined":{"farmersdelight:sandy_shrub":3,"minecraft:torch":2,"minecraft:grass":57,"chococraft:gysahl_green":20,"minecraft:grass_block":5,"evilcraft:blood_stain":1,"minecraft:sand":4,"minecraft:dirt":4,"minecraft:tall_grass":11,"farmersdelight:wild_cabbages":2,"minecraft:wall_torch":1},"minecraft:dropped":{"minecraft:wheat_seeds":3,"farmersdelight:cabbage_seeds":2,"chococraft:gysahl_green_seeds":1,"evilcraft:poison_sac":1}},"DataVersion":3465}