{"stats":{"minecraft:crafted":{"minecraft:oak_planks":8,"easy_hammers:iron_hammer":2,"vampirism:cursed_spruce_planks":48,"minecraft:furnace":1,"easy_hammers:stone_hammer":1,"minecraft:bone_meal":6,"minecraft:cooked_mutton":4,"minecraft:diamond_helmet":1,"minecraft:diamond_leggings":1,"minecraft:iron_boots":1,"minecraft:stone_pickaxe":1,"minecraft:diamond_boots":1,"easy_hammers:diamond_hammer":1,"minecraft:crafting_table":1,"minecraft:wooden_pickaxe":1,"minecraft:iron_helmet":1,"minecraft:iron_sword":1,"minecraft:air":0,"vampirism:dark_spruce_planks":4,"minecraft:iron_chestplate":1,"minecraft:stick":4,"minecraft:iron_ingot":10,"minecraft:wooden_axe":1,"minecraft:iron_leggings":1,"minecraft:torch":4,"minecraft:diamond_chestplate":1},"minecraft:mined":{"minecraft:tuff":50,"minecraft:deepslate_diamond_ore":9,"minecraft:obsidian":3,"minecraft:granite":2,"minecraft:grass_block":13,"vampirism:dark_spruce_log":1,"vampirism:vampire_orchid":1,"farmersdelight:wild_cabbages":2,"minecraft:large_fern":1,"dynamictrees:oak_leaves":2,"minecraft:furnace":1,"minecraft:iron_ore":8,"minecraft:cobbled_deepslate":1,"minecraft:andesite":4,"dynamictrees:spruce_leaves":1,"chococraft:gysahl_green":20,"farmersdelight:rope":1,"minecraft:deepslate_iron_ore":5,"minecraft:vine":1,"minecraft:stone":35,"sophisticatedbackpacks:backpack":1,"minecraft:blue_wall_banner":1,"vampirism:cursed_spruce_log":13,"minecraft:dandelion":2,"minecraft:cornflower":1,"minecraft:crafting_table":4,"minecraft:torch":2,"minecraft:poppy":2,"minecraft:tall_grass":38,"minecraft:copper_ore":2,"minecraft:cobblestone":2,"minecraft:lapis_ore":2,"minecraft:diorite":15,"minecraft:wall_torch":2,"farmersdelight:sandy_shrub":3,"minecraft:black_bed":1,"minecraft:grass":152,"evilcraft:blood_stain":1,"minecraft:gravel":2,"minecraft:sand":8,"minecraft:dirt":21,"minecraft:deepslate":433},"minecraft:dropped":{"vampirism:item_garlic":1,"minecraft:iron_ingot":2,"minecraft:wheat_seeds":60,"minecraft:oak_log":12,"minecraft:iron_helmet":1,"minecraft:cobblestone":15,"chococraft:gysahl_green_seeds":21,"minecraft:dirt":3,"tombstone:grave_dust":6,"minecraft:iron_leggings":1,"minecraft:sand":6,"minecraft:white_wool":7,"minecraft:bone":2,"minecraft:gravel":6,"alexsmobs:maggot":1,"minecraft:cobbled_deepslate":2012,"minecraft:tuff":64,"farmersdelight:cabbage_seeds":2,"minecraft:rotten_flesh":6,"minecraft:iron_boots":1,"evilcraft:poison_sac":1,"evilcraft:flesh_humanoid":1,"minecraft:filled_map":1,"minecraft:iron_chestplate":1,"minecraft:spider_eye":3,"minecraft:arrow":6},"minecraft:broken":{"easy_hammers:stone_hammer":1,"easy_hammers:iron_hammer":1,"minecraft:wooden_axe":1},"minecraft:used":{"easy_hammers:stone_hammer":109,"minecraft:iron_sword":14,"dynamictrees:oak_seed":1,"minecraft:torch":4,"minecraft:dirt":18,"minecraft:spyglass":81,"minecraft:mutton":4,"farmersdelight:rope":1,"minecraft:wooden_axe":39,"easy_hammers:iron_hammer":359,"evilcraft:box_of_eternal_closure":1,"evilcraft:flesh_humanoid":1,"minecraft:furnace":1,"duckling:duck_egg":4,"tombstone:gift":3,"minecraft:egg":1,"minecraft:cobbled_deepslate":55,"minecraft:cooked_mutton":4,"minecraft:stone_pickaxe":70,"minecraft:oak_planks":1,"minecraft:wooden_pickaxe":11,"minecraft:sand":3,"minecraft:crafting_table":5,"minecraft:spider_eye":1,"sophisticatedbackpacks:backpack":1,"easy_hammers:diamond_hammer":138,"minecraft:bread":15,"tombstone:grave_key":2,"vampirism:dark_spruce_sapling":5,"minecraft:cobblestone":11,"chococraft:gysahl_green":28,"alexsmobs:animal_dictionary":6,"minecraft:bone_meal":6},"minecraft:killed":{"vampirism:vampire":1,"minecraft:cave_spider":2,"minecraft:spider":4,"minecraft:skeleton":2,"minecraft:drowned":1,"minecraft:wolf":1,"alexsmobs:seal":2,"minecraft:sheep":2,"minecraft:zombie":4,"minecraft:enderman":1},"minecraft:killed_by":{"vampirism:advanced_vampire":1,"minecraft:player":3,"minecraft:spider":3,"iceandfire:sea_serpent":5,"minecraft:skeleton":1,"minecraft:zombie":1,"iceandfire:ghost":3},"minecraft:custom":{"minecraft:mob_kills":27,"minecraft:animals_bred":1,"minecraft:interact_with_crafting_table":16,"minecraft:open_barrel":1,"minecraft:damage_dealt_resisted":93,"minecraft:leave_game":3,"minecraft:time_since_death":7759,"minecraft:climb_one_cm":4468,"minecraft:sprint_one_cm":645889,"minecraft:walk_one_cm":461539,"minecraft:drop":73,"minecraft:play_time":254652,"minecraft:deaths":25,"minecraft:sneak_time":3044,"minecraft:walk_under_water_one_cm":47692,"minecraft:jump":4145,"minecraft:walk_on_water_one_cm":77267,"minecraft:total_world_time":254652,"minecraft:interact_with_furnace":7,"minecraft:tune_noteblock":7,"minecraft:time_since_rest":7480,"minecraft:damage_taken":7603,"minecraft:trigger_trapped_chest":1,"minecraft:damage_dealt":5320,"minecraft:swim_one_cm":221555,"minecraft:fly_one_cm":943731,"minecraft:player_kills":1,"minecraft:open_chest":24,"minecraft:crouch_one_cm":2706,"tombstone:undead_killed":7,"minecraft:fall_one_cm":115029},"minecraft:picked_up":{"minecraft:iron_chestplate":1,"chococraft:loverly_gysahl_green":2,"minecraft:crafting_table":2,"vampirism:dark_spruce_log":15,"minecraft:brown_mushroom":1,"dynamictrees:spruce_seed":6,"minecraft:string":1,"minecraft:raw_copper":7,"evilcraft:poison_sac":1,"minecraft:iron_leggings":1,"minecraft:cobbled_deepslate":1570,"minecraft:poppy":1,"dynamictrees:oak_seed":1,"alexsmobs:raccoon_tail":1,"farmersdelight:cabbage_seeds":2,"minecraft:iron_boots":1,"minecraft:egg":1,"minecraft:furnace":1,"minecraft:stick":33,"minecraft:raw_iron":32,"minecraft:torch":5,"sophisticatedbackpacks:backpack":1,"iceandfire:rotten_egg":1,"vampirism:vampire_fang":2,"tombstone:grave_dust":5,"minecraft:diorite":14,"evilcraft:box_of_eternal_closure":1,"minecraft:rotten_flesh":10,"minecraft:arrow":10,"minecraft:obsidian":15,"minecraft:mutton":4,"minecraft:white_wool":2,"minecraft:cobblestone":38,"minecraft:black_bed":1,"minecraft:tuff":65,"minecraft:oak_log":14,"evilcraft:flesh_humanoid":1,"minecraft:dirt":22,"minecraft:lapis_lazuli":38,"minecraft:bone":4,"chococraft:gysahl_green":61,"minecraft:wheat_seeds":58,"vampirism:item_garlic":2,"minecraft:iron_ingot":4,"minecraft:oak_planks":4,"duckling:duck_egg":4,"vampirism:cursed_spruce_log":12,"vampirism:dark_spruce_sapling":5,"minecraft:gravel":6,"minecraft:sand":9,"vampirism:crucifix_normal":1,"chococraft:gysahl_green_seeds":41,"minecraft:spider_eye":4,"minecraft:diamond":9,"evilcraft:broom":2,"minecraft:blue_banner":1,"alexsmobs:maggot":1,"vampirism:vampire_orchid":1,"minecraft:coal":5,"minecraft:ender_pearl":1}},"DataVersion":3465}