{"stats":{"minecraft:picked_up":{"chococraft:loverly_gysahl_green":2,"minecraft:torch":4,"minecraft:sand":3,"iceandfire:rotten_egg":1,"chococraft:gysahl_green_seeds":21,"minecraft:spider_eye":1,"minecraft:dirt":17,"evilcraft:poison_sac":1,"minecraft:rotten_flesh":2,"minecraft:arrow":1,"chococraft:gysahl_green":61,"minecraft:wheat_seeds":6,"alexsmobs:raccoon_tail":1,"minecraft:mutton":4,"minecraft:coal":1,"farmersdelight:cabbage_seeds":2,"minecraft:white_wool":2,"minecraft:egg":1},"minecraft:killed_by":{"vampirism:advanced_vampire":1,"minecraft:skeleton":1,"minecraft:spider":1},"minecraft:killed":{"minecraft:sheep":2,"alexsmobs:seal":2},"minecraft:custom":{"minecraft:time_since_rest":1,"minecraft:sprint_one_cm":160490,"minecraft:damage_taken":1668,"minecraft:walk_one_cm":145340,"minecraft:mob_kills":10,"minecraft:drop":7,"minecraft:damage_dealt":836,"minecraft:swim_one_cm":31785,"minecraft:fly_one_cm":250846,"minecraft:crouch_one_cm":930,"minecraft:play_time":63716,"minecraft:deaths":6,"minecraft:sneak_time":979,"minecraft:walk_under_water_one_cm":12096,"minecraft:jump":1143,"minecraft:leave_game":2,"minecraft:time_since_death":1614,"minecraft:walk_on_water_one_cm":14857,"minecraft:total_world_time":63716,"minecraft:fall_one_cm":30135},"minecraft:used":{"evilcraft:flesh_humanoid":1,"minecraft:torch":3,"minecraft:dirt":16,"minecraft:sand":3,"minecraft:mutton":4,"alexsmobs:animal_dictionary":2,"minecraft:spider_eye":1,"chococraft:gysahl_green":12,"minecraft:egg":1},"minecraft:mined":{"farmersdelight:sandy_shrub":3,"minecraft:dandelion":1,"minecraft:torch":2,"minecraft:grass":64,"chococraft:gysahl_green":20,"minecraft:grass_block":7,"minecraft:poppy":1,"evilcraft:blood_stain":1,"minecraft:sand":4,"minecraft:dirt":16,"minecraft:tall_grass":14,"farmersdelight:wild_cabbages":2,"minecraft:wall_torch":2},"minecraft:dropped":{"minecraft:wheat_seeds":3,"farmersdelight:cabbage_seeds":2,"chococraft:gysahl_green_seeds":1,"evilcraft:poison_sac":1}},"DataVersion":3465}