{"stats":{"minecraft:crafted":{"easy_hammers:iron_hammer":3,"minecraft:oak_planks":16,"minecraft:cooked_mutton":4,"minecraft:diamond_helmet":1,"minecraft:diamond_leggings":1,"minecraft:iron_boots":1,"tombstone:grave_key":1,"iceandfire:armor_gray_helmet":1,"iceandfire:armor_gray_boots":1,"minecraft:crafting_table":2,"minecraft:wooden_pickaxe":1,"minecraft:iron_helmet":2,"iceandfire:armor_gray_chestplate":1,"vampirism:dark_spruce_planks":4,"minecraft:iron_chestplate":2,"minecraft:stick":8,"minecraft:iron_ingot":10,"vampirism:cursed_spruce_planks":48,"minecraft:furnace":1,"easy_hammers:stone_hammer":1,"minecraft:bone_meal":6,"minecraft:stone_pickaxe":1,"minecraft:diamond_boots":1,"easy_hammers:diamond_hammer":1,"minecraft:iron_sword":1,"minecraft:air":0,"minecraft:wooden_axe":1,"minecraft:iron_leggings":1,"minecraft:torch":4,"minecraft:diamond_chestplate":1},"minecraft:dropped":{"minecraft:iron_sword":1,"minecraft:lapis_lazuli":38,"minecraft:oak_log":12,"minecraft:ender_pearl":1,"iceandfire:chared_dirt":1,"minecraft:glow_berries":1,"iceandfire:fire_dragon_flesh":1,"minecraft:cracked_stone_bricks":3,"iceandfire:dread_stone_bricks_cracked":2,"paraglider:spirit_orb":2,"minecraft:red_carpet":1,"minecraft:cyan_terracotta":2,"minecraft:dirt":3,"evilcraft:broom":1,"iceandfire:chared_gravel":1,"minecraft:gold_nugget":26,"minecraft:sand":6,"minecraft:dark_oak_planks":2,"minecraft:white_wool":7,"minecraft:bone":2,"minecraft:gravel":6,"minecraft:spyglass":1,"dynamictrees:oak_seed":12,"alexsmobs:animal_dictionary":1,"minecraft:cobbled_deepslate":2288,"minecraft:rotten_flesh":8,"minecraft:oak_planks":8,"evilcraft:poison_sac":1,"evilcraft:flesh_humanoid":4,"minecraft:poppy":1,"minecraft:tipped_arrow":1,"minecraft:arrow":14,"minecraft:stone_brick_stairs":1,"vampirism:item_garlic":2,"minecraft:bread":3,"minecraft:iron_ingot":4,"minecraft:wheat_seeds":68,"dynamictrees:birch_seed":1,"minecraft:iron_helmet":3,"minecraft:cobblestone":15,"chococraft:gysahl_green_seeds":41,"minecraft:stick":31,"minecraft:golden_carrot":5,"minecraft:torch":19,"tombstone:grave_dust":6,"minecraft:iron_leggings":2,"iceandfire:dragon_skull_fire":1,"iceandfire:dragonbone":3,"minecraft:waxed_weathered_cut_copper_stairs":1,"minecraft:nether_brick_slab":4,"minecraft:furnace":1,"alexsmobs:maggot":1,"minecraft:dark_prismarine_stairs":1,"minecraft:tuff":87,"farmersdelight:cabbage_seeds":2,"minecraft:iron_boots":2,"minecraft:spruce_fence":6,"minecraft:filled_map":1,"minecraft:iron_chestplate":4,"iceandfire:silver_ingot":3,"minecraft:mossy_stone_bricks":1,"minecraft:spider_eye":3,"iceandfire:fire_dragon_heart":1,"minecraft:stone_pickaxe":1,"minecraft:dark_prismarine":66},"minecraft:mined":{"minecraft:dark_oak_planks":4,"minecraft:spruce_planks":2,"minecraft:black_terracotta":3,"minecraft:obsidian":3,"minecraft:cave_vines_plant":5,"minecraft:granite":2,"minecraft:grass_block":17,"vampirism:dark_spruce_log":1,"minecraft:mud_bricks":1,"minecraft:spawner":5,"minecraft:iron_ore":8,"minecraft:cobbled_deepslate":12,"minecraft:fire":1,"chococraft:gysahl_green":20,"minecraft:cave_vines":1,"minecraft:oak_stairs":1,"minecraft:green_carpet":1,"minecraft:player_head":1,"minecraft:blue_wall_banner":1,"minecraft:cyan_terracotta":4,"minecraft:torch":2,"minecraft:poppy":2,"minecraft:cobblestone":2,"minecraft:oak_planks":7,"minecraft:wall_torch":2,"minecraft:skeleton_skull":1,"farmersdelight:sandy_shrub":3,"minecraft:lilac":1,"dynamictrees:birch_leaves":3,"minecraft:black_bed":1,"minecraft:wither_rose":1,"minecraft:grass":167,"minecraft:acacia_fence":1,"minecraft:sand":8,"minecraft:dirt":22,"iceandfire:dread_stone_bricks":1,"minecraft:deepslate":433,"minecraft:dark_prismarine":10,"minecraft:red_carpet":1,"minecraft:tuff":52,"minecraft:deepslate_diamond_ore":9,"minecraft:spruce_fence":3,"vampirism:vampire_orchid":1,"iceandfire:chared_dirt":4,"farmersdelight:wild_cabbages":2,"minecraft:moss_block":1,"minecraft:large_fern":2,"dynamictrees:oak_leaves":14,"minecraft:furnace":1,"minecraft:packed_mud":1,"minecraft:acacia_wood":2,"iceandfire:chared_gravel":1,"minecraft:andesite":4,"dynamictrees:spruce_leaves":3,"farmersdelight:rope":1,"minecraft:deepslate_iron_ore":5,"minecraft:vine":1,"minecraft:stripped_oak_log":2,"minecraft:stone":74,"sophisticatedbackpacks:backpack":1,"minecraft:ender_chest":1,"minecraft:mud_brick_slab":1,"minecraft:flowering_azalea":1,"minecraft:glass_pane":3,"vampirism:cursed_spruce_log":13,"minecraft:dandelion":2,"minecraft:crafting_table":4,"minecraft:cornflower":1,"minecraft:cyan_stained_glass_pane":2,"minecraft:tall_grass":56,"minecraft:copper_ore":2,"minecraft:lapis_ore":2,"minecraft:diorite":15,"minecraft:sea_pickle":1,"evilcraft:blood_stain":1,"minecraft:gravel":2,"minecraft:stripped_acacia_wood":5,"minecraft:polished_andesite":2,"minecraft:small_dripleaf":1},"minecraft:broken":{"minecraft:golden_sword":1,"easy_hammers:iron_hammer":2,"minecraft:wooden_axe":1,"easy_hammers:stone_hammer":1},"minecraft:used":{"minecraft:iron_sword":21,"minecraft:mutton":4,"minecraft:tuff":13,"minecraft:cyan_terracotta":7,"minecraft:golden_sword":32,"minecraft:furnace":1,"minecraft:egg":1,"minecraft:stone_pickaxe":70,"minecraft:oak_planks":1,"minecraft:wooden_pickaxe":11,"iceandfire:dread_stone_bricks":4,"minecraft:golden_apple":10,"minecraft:sand":3,"sophisticatedbackpacks:backpack":1,"easy_hammers:diamond_hammer":475,"minecraft:bread":15,"tombstone:grave_key":4,"vampirism:dark_spruce_sapling":5,"chococraft:gysahl_green":47,"minecraft:bone_meal":6,"minecraft:stripped_acacia_wood":5,"minecraft:spruce_planks":2,"easy_hammers:stone_hammer":109,"dynamictrees:oak_seed":1,"minecraft:torch":4,"minecraft:dirt":20,"minecraft:spyglass":81,"alexsmobs:moose_ribs":1,"farmersdelight:rope":1,"minecraft:wooden_axe":39,"easy_hammers:iron_hammer":515,"evilcraft:box_of_eternal_closure":1,"evilcraft:flesh_humanoid":1,"duckling:duck_egg":4,"tombstone:gift":5,"minecraft:cobbled_deepslate":185,"minecraft:cooked_mutton":4,"iceandfire:chared_dirt":4,"minecraft:crafting_table":6,"minecraft:spider_eye":1,"iceandfire:ash":1,"minecraft:cobblestone":305,"alexsmobs:animal_dictionary":9},"minecraft:killed":{"vampirism:vampire":2,"minecraft:cave_spider":2,"minecraft:spider":4,"alexsmobs:snow_leopard":1,"minecraft:skeleton":14,"minecraft:wolf":1,"alexsmobs:seal":2,"minecraft:sheep":2,"minecraft:zombie":6,"minecraft:stray":1,"iceandfire:dread_ghoul":1,"minecraft:drowned":2,"iceandfire:ghost":2,"alexsmobs:moose":1,"minecraft:enderman":1},"minecraft:killed_by":{"vampirism:advanced_vampire":1,"minecraft:wither_skeleton":5,"iceandfire:dread_ghoul":2,"iceandfire:sea_serpent":5,"minecraft:vindicator":1,"minecraft:zombie":3,"iceandfire:fire_dragon":6,"minecraft:player":4,"minecraft:spider":3,"creeperoverhaul:beach_creeper":1,"minecraft:hoglin":2,"minecraft:skeleton":11,"iceandfire:ghost":3},"minecraft:custom":{"minecraft:animals_bred":1,"minecraft:interact_with_crafting_table":19,"minecraft:open_barrel":2,"minecraft:leave_game":5,"minecraft:time_since_death":3973,"minecraft:sprint_one_cm":1000680,"minecraft:drop":148,"minecraft:play_noteblock":2,"minecraft:talked_to_villager":1,"minecraft:play_time":386273,"minecraft:deaths":57,"minecraft:jump":6603,"minecraft:walk_on_water_one_cm":98273,"minecraft:interact_with_furnace":7,"minecraft:open_enderchest":1,"minecraft:damage_dealt":12365,"minecraft:player_kills":1,"minecraft:crouch_one_cm":6317,"tombstone:undead_killed":26,"minecraft:mob_kills":50,"minecraft:damage_dealt_resisted":223,"minecraft:climb_one_cm":8885,"minecraft:walk_one_cm":707091,"minecraft:sneak_time":5342,"minecraft:walk_under_water_one_cm":58911,"minecraft:total_world_time":386273,"minecraft:tune_noteblock":7,"minecraft:time_since_rest":3583,"minecraft:damage_taken":18548,"minecraft:damage_absorbed":218,"minecraft:trigger_trapped_chest":2,"minecraft:swim_one_cm":347930,"minecraft:fly_one_cm":1425553,"minecraft:open_chest":68,"minecraft:fall_one_cm":194675},"minecraft:picked_up":{"iceandfire:dread_stone_bricks":4,"chococraft:loverly_gysahl_green":2,"minecraft:iron_chestplate":1,"minecraft:diamond_sword":1,"minecraft:wither_rose":2,"minecraft:enchanted_book":2,"minecraft:stone_brick_stairs":1,"minecraft:raw_copper":7,"minecraft:string":1,"minecraft:iron_leggings":1,"minecraft:cobbled_deepslate":1600,"minecraft:gold_nugget":38,"minecraft:spruce_planks":2,"dynamictrees:oak_seed":13,"alexsmobs:raccoon_tail":1,"farmersdelight:cabbage_seeds":2,"minecraft:iron_boots":1,"minecraft:furnace":2,"minecraft:tipped_arrow":1,"minecraft:stick":50,"minecraft:torch":24,"iceandfire:rotten_egg":1,"vampirism:vampire_fang":2,"tombstone:grave_dust":15,"minecraft:diorite":14,"minecraft:yellow_banner":2,"evilcraft:box_of_eternal_closure":1,"minecraft:rotten_flesh":12,"iceandfire:fire_dragon_heart":1,"minecraft:cyan_terracotta":9,"minecraft:obsidian":46,"minecraft:cobblestone":332,"minecraft:black_bed":1,"paraglider:spirit_orb":2,"minecraft:tuff":65,"evilcraft:flesh_humanoid":1,"minecraft:lapis_lazuli":76,"minecraft:dirt":24,"minecraft:bone":21,"minecraft:wheat_seeds":67,"vampirism:item_garlic":2,"minecraft:mossy_stone_bricks":1,"minecraft:diamond_helmet":1,"minecraft:oak_planks":10,"duckling:duck_egg":4,"vampirism:cursed_spruce_log":12,"vampirism:dark_spruce_sapling":5,"minecraft:stripped_acacia_wood":5,"iceandfire:dragon_skull_fire":1,"vampirism:crucifix_normal":1,"minecraft:sand":9,"minecraft:dark_prismarine":33,"minecraft:bundle":1,"minecraft:diamond":9,"minecraft:polished_blackstone_button":2,"evilcraft:broom":3,"alexsmobs:moose_ribs":1,"minecraft:blue_banner":1,"alexsmobs:maggot":1,"minecraft:crafting_table":2,"minecraft:ladder":1,"vampirism:dark_spruce_log":15,"minecraft:brown_mushroom":1,"dynamictrees:spruce_seed":6,"evilcraft:poison_sac":1,"minecraft:white_carpet":1,"minecraft:cracked_stone_bricks":3,"minecraft:dark_prismarine_stairs":1,"iceandfire:dread_shard":6,"minecraft:player_head":3,"minecraft:poppy":1,"minecraft:egg":1,"minecraft:raw_iron":56,"iceandfire:dragonscales_gray":19,"iceandfire:dragonbone":3,"sophisticatedbackpacks:backpack":2,"minecraft:spruce_fence":3,"minecraft:dark_oak_planks":4,"minecraft:diamond_chestplate":1,"iceandfire:silver_ingot":3,"minecraft:arrow":18,"minecraft:diamond_boots":1,"iceandfire:chared_dirt":5,"minecraft:mutton":4,"minecraft:skeleton_skull":2,"minecraft:white_wool":3,"minecraft:stripped_oak_log":2,"minecraft:golden_carrot":5,"minecraft:oak_log":14,"iceandfire:ectoplasm":6,"iceandfire:dread_stone_bricks_cracked":2,"easy_hammers:iron_hammer":1,"tombstone:gift":1,"minecraft:red_carpet":1,"chococraft:gysahl_green":61,"dynamictrees:birch_seed":1,"minecraft:iron_ingot":6,"minecraft:stone_pickaxe":1,"iceandfire:fire_dragon_flesh":1,"minecraft:iron_sword":1,"minecraft:spyglass":1,"minecraft:gravel":6,"chococraft:gysahl_green_seeds":61,"minecraft:nether_brick_slab":3,"minecraft:spider_eye":4,"vampirism:vampire_orchid":1,"tombstone:magic_scroll":2,"iceandfire:chared_gravel":1,"minecraft:coal":5,"minecraft:ender_pearl":2}},"DataVersion":3465}