{"stats":{"minecraft:dropped":{"minecraft:wheat_seeds":1},"minecraft:mined":{"minecraft:grass":3,"minecraft:tall_grass":4,"minecraft:grass_block":5,"minecraft:dirt":4},"minecraft:used":{"minecraft:dirt":9},"minecraft:picked_up":{"iceandfire:rotten_egg":1,"minecraft:wheat_seeds":1,"minecraft:dirt":9,"minecraft:egg":1},"minecraft:custom":{"minecraft:jump":76,"minecraft:time_since_rest":5716,"minecraft:damage_dealt":10,"minecraft:sprint_one_cm":11315,"minecraft:play_time":5716,"minecraft:damage_taken":20,"minecraft:time_since_death":5716,"minecraft:walk_one_cm":16084,"minecraft:sneak_time":131,"minecraft:total_world_time":5716,"minecraft:drop":1,"minecraft:fall_one_cm":2494,"minecraft:fly_one_cm":19767}},"DataVersion":3465}