{"stats":{"minecraft:mined":{"minecraft:tuff":46,"dynamictrees:birch_branch":221,"minecraft:deepslate_diamond_ore":17,"minecraft:sculk_vein":111,"minecraft:granite":16,"minecraft:grass_block":7,"vampirism:dark_spruce_log":50,"iceandfire:deepslate_silver_ore":3,"minecraft:moss_block":1,"minecraft:spawner":5,"minecraft:redstone_ore":6,"minecraft:carrots":18,"minecraft:sculk_catalyst":4,"minecraft:furnace":6,"minecraft:iron_ore":87,"minecraft:cobbled_deepslate":27,"minecraft:andesite":5,"evilcraft:dark_ore":3,"minecraft:deepslate_lapis_ore":13,"minecraft:sculk_shrieker":5,"dynamictrees:oak_branch":382,"minecraft:cave_vines":1,"minecraft:deepslate_iron_ore":92,"minecraft:stone":216,"minecraft:white_wool":2,"vampirism:cursed_earth":3,"minecraft:deepslate_redstone_ore":15,"vampirism:dark_stone":74,"minecraft:dandelion":1,"vampirism:cursed_grass":1,"minecraft:clay":5,"minecraft:crafting_table":13,"minecraft:torch":2,"minecraft:chest":2,"minecraft:sculk_sensor":18,"minecraft:tall_grass":2,"minecraft:cobblestone":11,"minecraft:deepslate_coal_ore":5,"minecraft:deepslate_gold_ore":36,"minecraft:lapis_ore":8,"minecraft:oak_planks":2,"minecraft:sculk":1112,"minecraft:diorite":20,"minecraft:wall_torch":4,"minecraft:air":263,"evilcraft:dark_ore_deepslate":4,"minecraft:grass":23,"minecraft:coal_ore":95,"minecraft:gravel":22,"minecraft:dirt":12,"minecraft:sand":3,"minecraft:small_dripleaf":1,"minecraft:gold_ore":8,"minecraft:oak_leaves":7,"minecraft:deepslate":832},"minecraft:killed":{"vampirism:vampire":22,"vampirism:advanced_vampire":7,"minecraft:spider":6,"alexsmobs:seagull":1,"minecraft:skeleton":27,"vampirism:blinding_bat":3,"alexsmobs:centipede_head":1,"alexsmobs:skreecher":3,"minecraft:warden":1,"minecraft:pig":6,"duckling:duck":8,"minecraft:creeper":1,"minecraft:sheep":11,"alexsmobs:flutter":2,"minecraft:zombie":38,"iceandfire:ghost":1,"minecraft:enderman":4,"minecraft:cow":11},"minecraft:dropped":{"minecraft:iron_ingot":10,"minecraft:enchanted_book":1,"minecraft:iron_sword":4,"iceandfire:raw_silver":3,"minecraft:birch_planks":1,"minecraft:wheat_seeds":4,"minecraft:spore_blossom":1,"vampirism:vampire_book":1,"evilcraft:condensed_blood":49,"minecraft:crafting_table":1,"minecraft:oak_fence":1,"minecraft:cobblestone":114,"minecraft:granite":10,"minecraft:rail":1,"minecraft:coal":4,"minecraft:stick":3,"minecraft:dirt":15,"minecraft:diorite":11,"tombstone:magic_scroll":2,"minecraft:sculk_catalyst":4,"evilcraft:broom":1,"tombstone:grave_dust":3,"minecraft:iron_leggings":3,"vampirism:dark_spruce_log":76,"minecraft:iron_axe":1,"minecraft:iron_pickaxe":2,"minecraft:bucket":1,"alexsmobs:skreecher_soul":4,"duckling:raw_duck":1,"minecraft:redstone":2,"minecraft:bone":4,"minecraft:furnace":1,"minecraft:gravel":9,"alexsmobs:centipede_leg":2,"minecraft:stone_axe":2,"tombstone:scroll_of_aquatic_life":1,"dynamictrees:oak_seed":1,"minecraft:cobbled_deepslate":242,"minecraft:tuff":40,"tombstone:gift":7,"minecraft:rotten_flesh":14,"vampirism:blood_bottle":2,"sophisticatedbackpacks:backpack":2,"minecraft:azure_bluet":2,"evilcraft:flesh_humanoid":11,"minecraft:poppy":2,"minecraft:shield":1,"vampirism:vampire_blood_bottle":5,"minecraft:iron_chestplate":3,"minecraft:andesite":17,"minecraft:spider_eye":3,"sophisticatedbackpacks:copper_backpack":1,"minecraft:arrow":10,"minecraft:bow":3,"minecraft:stone_pickaxe":3,"minecraft:wooden_pickaxe":2,"vampirism:cobbled_dark_stone":2},"minecraft:used":{"minecraft:moss_block":1,"minecraft:oak_sign":3,"duckling:cooked_duck":7,"minecraft:chest":4,"minecraft:shield":2,"minecraft:iron_sword":960,"dynamictrees:oak_seed":5,"minecraft:torch":323,"minecraft:dirt":41,"minecraft:carrot":91,"minecraft:tuff":14,"minecraft:granite":11,"minecraft:axolotl_bucket":2,"minecraft:birch_door":1,"minecraft:iron_hoe":1248,"minecraft:lava_bucket":2,"minecraft:iron_axe":263,"minecraft:grass_block":1,"minecraft:totem_of_undying":1,"minecraft:oak_sapling":1,"duckling:duck_egg":4,"minecraft:furnace":7,"tombstone:gift":2,"minecraft:egg":1,"minecraft:cooked_beef":24,"minecraft:cobbled_deepslate":612,"minecraft:cooked_mutton":15,"minecraft:water_bucket":81,"minecraft:birch_planks":8,"minecraft:bundle":1,"minecraft:oak_planks":9,"minecraft:stone_pickaxe":120,"minecraft:wooden_pickaxe":6,"minecraft:white_wool":2,"minecraft:glow_berries":2,"minecraft:crafting_table":18,"minecraft:white_bed":1,"minecraft:iron_pickaxe":1578,"tombstone:magic_scroll":2,"tombstone:grave_key":16,"minecraft:gravel":17,"vampirism:dark_spruce_sapling":6,"minecraft:stone_axe":799,"minecraft:cobblestone":54,"minecraft:cooked_porkchop":11,"minecraft:bucket":86,"minecraft:dandelion":1},"minecraft:crafted":{"minecraft:oak_planks":96,"minecraft:coal":1,"minecraft:oak_sign":3,"minecraft:furnace":4,"minecraft:cooked_mutton":15,"minecraft:iron_boots":2,"minecraft:iron_axe":1,"minecraft:iron_hoe":5,"minecraft:stone_pickaxe":3,"minecraft:chest":3,"minecraft:cooked_beef":24,"sophisticatedbackpacks:backpack":1,"minecraft:cooked_porkchop":11,"minecraft:crafting_table":7,"minecraft:wooden_pickaxe":1,"minecraft:iron_helmet":2,"minecraft:iron_sword":5,"duckling:cooked_duck":7,"minecraft:bucket":3,"minecraft:birch_planks":48,"minecraft:stone_axe":5,"minecraft:air":0,"minecraft:iron_chestplate":2,"vampirism:dark_spruce_planks":48,"minecraft:charcoal":1,"minecraft:shield":1,"minecraft:stick":148,"minecraft:iron_ingot":112,"minecraft:iron_pickaxe":8,"minecraft:iron_leggings":2,"minecraft:gold_ingot":22,"minecraft:torch":312},"minecraft:picked_up":{"minecraft:iron_chestplate":1,"minecraft:crafting_table":13,"minecraft:birch_door":2,"minecraft:clay_ball":16,"vampirism:dark_spruce_log":88,"minecraft:wooden_pickaxe":1,"minecraft:string":8,"minecraft:iron_leggings":1,"minecraft:cobbled_deepslate":997,"minecraft:beef":20,"dynamictrees:oak_seed":5,"minecraft:chest":2,"minecraft:furnace":6,"duckling:raw_duck":8,"minecraft:egg":1,"minecraft:stick":37,"minecraft:raw_iron":179,"minecraft:oak_fence":1,"minecraft:torch":11,"minecraft:porkchop":11,"minecraft:diorite":19,"tombstone:grave_dust":2,"vampirism:vampire_fang":7,"minecraft:carrot":63,"minecraft:redstone":90,"alexsmobs:centipede_leg":2,"vampirism:blood_bottle":3,"minecraft:arrow":43,"minecraft:rotten_flesh":26,"vampirism:cobbled_dark_stone":66,"minecraft:totem_of_undying":1,"minecraft:glow_berries":1,"minecraft:mutton":15,"minecraft:rail":1,"minecraft:white_wool":11,"minecraft:cobblestone":247,"minecraft:birch_log":12,"vampirism:vampire_book":2,"minecraft:feather":12,"vampirism:vampire_blood_bottle":5,"minecraft:andesite":10,"minecraft:leather":11,"alexsmobs:skreecher_soul":5,"paraglider:spirit_orb":10,"minecraft:flint":4,"minecraft:tuff":46,"minecraft:oak_log":26,"evilcraft:flesh_humanoid":6,"minecraft:lapis_lazuli":133,"minecraft:dirt":34,"tombstone:gift":2,"minecraft:bone":31,"minecraft:bow":4,"minecraft:wheat_seeds":5,"minecraft:raw_gold":44,"minecraft:spore_blossom":1,"minecraft:moss_block":1,"minecraft:iron_sword":1,"minecraft:oak_planks":27,"duckling:duck_egg":4,"minecraft:sculk_catalyst":4,"vampirism:dark_spruce_sapling":6,"minecraft:dandelion":1,"minecraft:gravel":26,"minecraft:white_bed":1,"minecraft:grass_block":1,"minecraft:spider_eye":2,"minecraft:bundle":1,"minecraft:diamond":17,"evilcraft:broom":1,"evilcraft:dark_gem":31,"minecraft:granite":21,"tombstone:magic_scroll":2,"minecraft:oak_sapling":1,"minecraft:coal":102,"iceandfire:raw_silver":3,"minecraft:ender_pearl":2},"minecraft:broken":{"minecraft:iron_boots":2,"minecraft:stone_axe":3,"minecraft:iron_sword":2,"minecraft:iron_pickaxe":6,"minecraft:iron_helmet":2,"minecraft:iron_hoe":5},"minecraft:custom":{"minecraft:mob_kills":158,"minecraft:interact_with_crafting_table":60,"goblintraders:trade_with_goblin":28,"minecraft:damage_dealt_resisted":1946,"minecraft:leave_game":4,"minecraft:time_since_death":11931,"minecraft:climb_one_cm":213,"minecraft:sprint_one_cm":668960,"minecraft:walk_one_cm":894343,"minecraft:damage_blocked_by_shield":75,"minecraft:drop":185,"minecraft:play_time":364111,"minecraft:deaths":29,"minecraft:sneak_time":39885,"minecraft:walk_under_water_one_cm":87640,"minecraft:jump":5907,"minecraft:walk_on_water_one_cm":105577,"minecraft:total_world_time":364111,"minecraft:interact_with_furnace":97,"spartanshields:shield_bash_hits":2,"minecraft:sleep_in_bed":3,"minecraft:time_since_rest":11750,"minecraft:damage_taken":13475,"tombstone:sneak_grave":3,"minecraft:damage_dealt":36178,"minecraft:swim_one_cm":54354,"minecraft:fly_one_cm":947608,"minecraft:open_chest":77,"minecraft:crouch_one_cm":104613,"tombstone:undead_killed":66,"minecraft:fall_one_cm":174495},"minecraft:killed_by":{"vampirism:advanced_vampire":2,"minecraft:player":2,"minecraft:creeper":2,"minecraft:spider":1,"minecraft:warden":12,"vampirism:vampire":2}},"DataVersion":3465}