{"stats":{"minecraft:crafted":{"minecraft:crafting_table":1,"minecraft:wooden_pickaxe":1,"minecraft:stone_pickaxe":1,"minecraft:furnace":1,"minecraft:birch_planks":8,"minecraft:stone_axe":1},"minecraft:dropped":{"minecraft:birch_planks":1,"minecraft:wooden_pickaxe":2},"minecraft:mined":{"minecraft:air":8,"minecraft:crafting_table":1,"dynamictrees:oak_branch":26,"minecraft:coal_ore":11,"minecraft:stone":14},"minecraft:used":{"minecraft:stone_pickaxe":19,"minecraft:wooden_pickaxe":6,"minecraft:stone_axe":43,"minecraft:crafting_table":2,"minecraft:oak_sapling":1,"minecraft:furnace":1,"minecraft:egg":1},"minecraft:killed":{"minecraft:sheep":3,"minecraft:cow":3},"minecraft:custom":{"minecraft:time_since_rest":10636,"minecraft:interact_with_furnace":1,"minecraft:sprint_one_cm":23677,"minecraft:walk_one_cm":44334,"minecraft:mob_kills":6,"minecraft:drop":3,"minecraft:damage_dealt":540,"minecraft:interact_with_crafting_table":3,"minecraft:fly_one_cm":42980,"minecraft:crouch_one_cm":48,"minecraft:play_time":10636,"minecraft:sneak_time":102,"minecraft:jump":257,"minecraft:time_since_death":10636,"minecraft:total_world_time":10636,"minecraft:fall_one_cm":4981},"minecraft:picked_up":{"minecraft:birch_log":2,"minecraft:stick":12,"minecraft:crafting_table":1,"minecraft:leather":1,"minecraft:wooden_pickaxe":1,"minecraft:beef":9,"minecraft:oak_sapling":1,"minecraft:mutton":5,"minecraft:coal":11,"minecraft:white_wool":3,"minecraft:cobblestone":14,"minecraft:egg":1}},"DataVersion":3465}