{"stats":{"minecraft:crafted":{"minecraft:cooked_beef":13,"minecraft:oak_planks":96,"sophisticatedbackpacks:backpack":1,"minecraft:cooked_porkchop":4,"minecraft:crafting_table":2,"minecraft:iron_helmet":1,"minecraft:wooden_pickaxe":1,"minecraft:iron_sword":1,"minecraft:furnace":3,"minecraft:bucket":1,"minecraft:birch_planks":48,"minecraft:stone_axe":5,"minecraft:cooked_mutton":11,"minecraft:air":0,"minecraft:iron_boots":1,"minecraft:iron_chestplate":1,"minecraft:charcoal":1,"minecraft:shield":1,"minecraft:stick":64,"minecraft:iron_ingot":39,"minecraft:iron_pickaxe":3,"minecraft:stone_pickaxe":3,"minecraft:chest":1,"minecraft:iron_leggings":1,"minecraft:torch":88},"minecraft:dropped":{"minecraft:stone_axe":1,"minecraft:birch_planks":1,"minecraft:wheat_seeds":2,"dynamictrees:oak_seed":1,"minecraft:rotten_flesh":2,"evilcraft:flesh_humanoid":1,"evilcraft:broom":1,"tombstone:grave_dust":1,"minecraft:spider_eye":2,"minecraft:stone_pickaxe":3,"minecraft:wooden_pickaxe":2,"minecraft:bone":2},"minecraft:mined":{"minecraft:deepslate_redstone_ore":6,"minecraft:tuff":44,"minecraft:deepslate_diamond_ore":2,"dynamictrees:birch_branch":145,"minecraft:dandelion":1,"minecraft:crafting_table":5,"minecraft:torch":1,"minecraft:cobblestone":7,"minecraft:tall_grass":1,"minecraft:deepslate_gold_ore":14,"minecraft:wall_torch":3,"minecraft:air":178,"minecraft:furnace":3,"minecraft:cobbled_deepslate":3,"evilcraft:dark_ore_deepslate":4,"minecraft:iron_ore":26,"minecraft:grass":10,"dynamictrees:oak_branch":250,"minecraft:coal_ore":34,"minecraft:deepslate_iron_ore":12,"minecraft:gravel":18,"minecraft:stone":53,"minecraft:deepslate":427},"minecraft:broken":{"minecraft:stone_axe":3,"minecraft:iron_pickaxe":2},"minecraft:used":{"minecraft:cooked_mutton":5,"minecraft:water_bucket":16,"minecraft:birch_planks":8,"minecraft:stone_pickaxe":120,"minecraft:wooden_pickaxe":6,"minecraft:iron_sword":7,"dynamictrees:oak_seed":5,"minecraft:white_wool":2,"minecraft:torch":60,"minecraft:dirt":38,"minecraft:crafting_table":6,"minecraft:white_bed":1,"minecraft:birch_door":1,"minecraft:lava_bucket":2,"minecraft:iron_pickaxe":535,"tombstone:grave_key":3,"minecraft:gravel":17,"minecraft:stone_axe":663,"minecraft:cobblestone":7,"minecraft:furnace":4,"minecraft:oak_sapling":1,"minecraft:bucket":19,"minecraft:egg":1,"minecraft:cooked_beef":4,"minecraft:cobbled_deepslate":150,"minecraft:dandelion":1},"minecraft:killed":{"minecraft:pig":2,"minecraft:spider":2,"minecraft:sheep":8,"minecraft:skeleton":2,"minecraft:zombie":3,"iceandfire:ghost":1,"minecraft:cow":5},"minecraft:killed_by":{"minecraft:player":1},"minecraft:custom":{"minecraft:interact_with_furnace":65,"spartanshields:shield_bash_hits":1,"minecraft:mob_kills":23,"minecraft:interact_with_crafting_table":32,"minecraft:damage_dealt_resisted":7,"minecraft:time_since_death":7537,"minecraft:sleep_in_bed":2,"minecraft:time_since_rest":7307,"minecraft:sprint_one_cm":192209,"minecraft:damage_taken":1468,"minecraft:walk_one_cm":246456,"minecraft:drop":19,"minecraft:damage_dealt":2827,"minecraft:swim_one_cm":27740,"minecraft:fly_one_cm":266847,"minecraft:open_chest":20,"minecraft:crouch_one_cm":9590,"minecraft:play_time":88636,"tombstone:undead_killed":6,"minecraft:deaths":4,"minecraft:sneak_time":3815,"minecraft:walk_under_water_one_cm":6454,"minecraft:jump":1337,"minecraft:walk_on_water_one_cm":18210,"minecraft:total_world_time":88636,"minecraft:fall_one_cm":37452},"minecraft:picked_up":{"minecraft:birch_log":12,"minecraft:crafting_table":5,"minecraft:birch_door":2,"minecraft:leather":4,"minecraft:wooden_pickaxe":1,"minecraft:flint":1,"minecraft:tuff":44,"minecraft:oak_log":25,"minecraft:string":7,"minecraft:dirt":16,"minecraft:bone":4,"minecraft:wheat_seeds":3,"minecraft:cobbled_deepslate":432,"minecraft:raw_gold":14,"minecraft:beef":13,"dynamictrees:oak_seed":5,"minecraft:egg":1,"minecraft:furnace":3,"minecraft:raw_iron":38,"minecraft:stick":27,"minecraft:torch":5,"minecraft:dandelion":1,"minecraft:gravel":17,"minecraft:porkchop":4,"tombstone:grave_dust":1,"minecraft:white_bed":1,"minecraft:redstone":20,"minecraft:spider_eye":2,"minecraft:arrow":1,"minecraft:rotten_flesh":2,"minecraft:diamond":2,"evilcraft:broom":1,"evilcraft:dark_gem":18,"minecraft:oak_sapling":1,"minecraft:mutton":11,"minecraft:coal":34,"minecraft:white_wool":6,"minecraft:cobblestone":58}},"DataVersion":3465}