{"stats":{"minecraft:crafted":{"minecraft:cooked_beef":13,"minecraft:oak_planks":96,"sophisticatedbackpacks:backpack":1,"minecraft:cooked_porkchop":4,"minecraft:crafting_table":2,"minecraft:iron_helmet":1,"minecraft:wooden_pickaxe":1,"minecraft:iron_sword":2,"minecraft:furnace":3,"minecraft:bucket":3,"minecraft:birch_planks":48,"minecraft:stone_axe":5,"minecraft:cooked_mutton":11,"minecraft:air":0,"minecraft:iron_boots":1,"minecraft:iron_chestplate":1,"minecraft:charcoal":1,"minecraft:shield":1,"minecraft:stick":88,"minecraft:iron_ingot":69,"minecraft:iron_pickaxe":5,"minecraft:stone_pickaxe":3,"minecraft:chest":1,"minecraft:iron_leggings":1,"minecraft:torch":152},"minecraft:dropped":{"iceandfire:raw_silver":3,"minecraft:stone_axe":1,"minecraft:birch_planks":1,"minecraft:wheat_seeds":2,"dynamictrees:oak_seed":1,"minecraft:spore_blossom":1,"tombstone:gift":2,"minecraft:rotten_flesh":12,"evilcraft:flesh_humanoid":3,"minecraft:stick":1,"evilcraft:broom":1,"tombstone:grave_dust":1,"minecraft:spider_eye":2,"minecraft:arrow":1,"minecraft:stone_pickaxe":3,"minecraft:wooden_pickaxe":2,"minecraft:bone":4},"minecraft:mined":{"minecraft:deepslate_redstone_ore":6,"minecraft:tuff":44,"minecraft:deepslate_diamond_ore":6,"dynamictrees:birch_branch":145,"minecraft:dandelion":1,"minecraft:clay":1,"minecraft:crafting_table":8,"minecraft:torch":1,"iceandfire:deepslate_silver_ore":3,"minecraft:cobblestone":7,"minecraft:tall_grass":2,"minecraft:deepslate_coal_ore":5,"minecraft:deepslate_gold_ore":14,"minecraft:moss_block":1,"minecraft:wall_torch":3,"minecraft:air":178,"minecraft:furnace":5,"minecraft:cobbled_deepslate":3,"evilcraft:dark_ore_deepslate":4,"minecraft:iron_ore":36,"evilcraft:dark_ore":3,"minecraft:cave_vines":1,"minecraft:grass":12,"dynamictrees:oak_branch":250,"minecraft:coal_ore":40,"minecraft:deepslate_iron_ore":49,"minecraft:gravel":18,"minecraft:stone":55,"minecraft:small_dripleaf":1,"minecraft:deepslate":436},"minecraft:broken":{"minecraft:stone_axe":3,"minecraft:iron_pickaxe":2},"minecraft:used":{"minecraft:moss_block":1,"minecraft:cooked_mutton":8,"minecraft:water_bucket":62,"minecraft:birch_planks":8,"minecraft:stone_pickaxe":120,"minecraft:shield":1,"minecraft:wooden_pickaxe":6,"minecraft:iron_sword":192,"dynamictrees:oak_seed":5,"minecraft:white_wool":2,"minecraft:torch":68,"minecraft:glow_berries":2,"minecraft:dirt":38,"minecraft:crafting_table":9,"minecraft:white_bed":1,"minecraft:birch_door":1,"minecraft:lava_bucket":2,"minecraft:iron_pickaxe":620,"tombstone:magic_scroll":2,"tombstone:grave_key":6,"minecraft:gravel":17,"minecraft:stone_axe":666,"minecraft:cobblestone":7,"minecraft:furnace":6,"minecraft:oak_sapling":1,"minecraft:bucket":67,"minecraft:egg":1,"minecraft:cooked_beef":12,"minecraft:cobbled_deepslate":203,"minecraft:dandelion":1},"minecraft:killed":{"vampirism:vampire":6,"minecraft:pig":2,"minecraft:spider":3,"minecraft:sheep":8,"minecraft:skeleton":8,"alexsmobs:flutter":2,"minecraft:zombie":17,"iceandfire:ghost":1,"minecraft:cow":5},"minecraft:killed_by":{"minecraft:player":1,"minecraft:creeper":1,"vampirism:vampire":2},"minecraft:custom":{"minecraft:interact_with_furnace":76,"spartanshields:shield_bash_hits":1,"minecraft:mob_kills":55,"minecraft:interact_with_crafting_table":39,"minecraft:damage_dealt_resisted":264,"minecraft:time_since_death":2824,"minecraft:sleep_in_bed":2,"minecraft:climb_one_cm":213,"minecraft:time_since_rest":2620,"minecraft:sprint_one_cm":268126,"minecraft:damage_taken":3261,"minecraft:walk_one_cm":362155,"minecraft:damage_blocked_by_shield":30,"minecraft:drop":39,"minecraft:damage_dealt":9574,"minecraft:swim_one_cm":28072,"minecraft:fly_one_cm":376920,"minecraft:open_chest":24,"minecraft:crouch_one_cm":13120,"minecraft:play_time":124636,"tombstone:undead_killed":26,"minecraft:deaths":8,"minecraft:sneak_time":5118,"minecraft:walk_under_water_one_cm":21261,"minecraft:jump":2033,"minecraft:walk_on_water_one_cm":31470,"minecraft:total_world_time":124636,"minecraft:fall_one_cm":59862},"minecraft:picked_up":{"minecraft:birch_log":12,"minecraft:crafting_table":8,"minecraft:birch_door":2,"minecraft:leather":4,"minecraft:wooden_pickaxe":1,"minecraft:flint":4,"minecraft:tuff":44,"minecraft:oak_log":25,"minecraft:string":7,"minecraft:dirt":16,"minecraft:bone":11,"minecraft:wheat_seeds":3,"minecraft:cobbled_deepslate":446,"minecraft:raw_gold":14,"minecraft:spore_blossom":1,"minecraft:beef":13,"dynamictrees:oak_seed":5,"minecraft:moss_block":1,"minecraft:egg":1,"minecraft:furnace":5,"minecraft:raw_iron":85,"minecraft:stick":27,"minecraft:torch":5,"minecraft:dandelion":1,"minecraft:gravel":17,"minecraft:porkchop":4,"tombstone:grave_dust":1,"vampirism:vampire_fang":2,"minecraft:white_bed":1,"minecraft:redstone":20,"minecraft:bundle":1,"minecraft:spider_eye":2,"minecraft:arrow":8,"minecraft:rotten_flesh":17,"minecraft:diamond":6,"evilcraft:broom":1,"evilcraft:dark_gem":31,"iceandfire:raw_silver":3,"tombstone:magic_scroll":2,"minecraft:oak_sapling":1,"minecraft:glow_berries":1,"minecraft:mutton":11,"minecraft:coal":45,"minecraft:white_wool":6,"minecraft:cobblestone":60}},"DataVersion":3465}