{"stats":{"minecraft:crafted":{"minecraft:cooked_beef":13,"minecraft:oak_planks":96,"sophisticatedbackpacks:backpack":1,"minecraft:cooked_porkchop":4,"minecraft:crafting_table":1,"minecraft:wooden_pickaxe":1,"minecraft:furnace":1,"minecraft:bucket":1,"minecraft:birch_planks":48,"minecraft:stone_axe":5,"minecraft:cooked_mutton":11,"minecraft:air":0,"minecraft:charcoal":1,"minecraft:stick":48,"minecraft:iron_ingot":3,"minecraft:stone_pickaxe":3,"minecraft:chest":1,"minecraft:torch":64},"minecraft:mined":{"dynamictrees:birch_branch":145,"minecraft:dandelion":1,"minecraft:crafting_table":3,"minecraft:torch":1,"minecraft:cobblestone":7,"minecraft:tall_grass":1,"minecraft:air":178,"minecraft:furnace":1,"minecraft:iron_ore":25,"minecraft:grass":10,"dynamictrees:oak_branch":250,"minecraft:coal_ore":27,"minecraft:deepslate_iron_ore":6,"minecraft:stone":52},"minecraft:dropped":{"minecraft:birch_planks":1,"minecraft:wheat_seeds":2,"dynamictrees:oak_seed":1,"minecraft:rotten_flesh":2,"evilcraft:flesh_humanoid":1,"evilcraft:broom":1,"tombstone:grave_dust":1,"minecraft:spider_eye":2,"minecraft:wooden_pickaxe":2,"minecraft:bone":2},"minecraft:broken":{"minecraft:stone_axe":3},"minecraft:used":{"minecraft:cooked_mutton":3,"minecraft:water_bucket":4,"minecraft:birch_planks":8,"minecraft:stone_pickaxe":120,"minecraft:wooden_pickaxe":6,"dynamictrees:oak_seed":5,"minecraft:white_wool":2,"minecraft:torch":12,"minecraft:dirt":38,"minecraft:crafting_table":4,"minecraft:white_bed":1,"minecraft:birch_door":1,"tombstone:grave_key":1,"minecraft:stone_axe":661,"minecraft:cobblestone":7,"minecraft:furnace":2,"minecraft:oak_sapling":1,"minecraft:bucket":5,"minecraft:egg":1,"minecraft:cooked_beef":4,"minecraft:dandelion":1},"minecraft:killed":{"minecraft:pig":2,"minecraft:spider":2,"minecraft:sheep":8,"minecraft:skeleton":1,"minecraft:zombie":3,"iceandfire:ghost":1,"minecraft:cow":5},"minecraft:killed_by":{"minecraft:player":1},"minecraft:custom":{"minecraft:interact_with_furnace":38,"minecraft:mob_kills":22,"minecraft:interact_with_crafting_table":18,"minecraft:damage_dealt_resisted":7,"minecraft:time_since_death":22533,"minecraft:sleep_in_bed":2,"minecraft:time_since_rest":12693,"minecraft:sprint_one_cm":159470,"minecraft:damage_taken":850,"minecraft:walk_one_cm":146726,"minecraft:drop":15,"minecraft:damage_dealt":2561,"minecraft:swim_one_cm":25421,"minecraft:fly_one_cm":251071,"minecraft:open_chest":20,"minecraft:crouch_one_cm":4020,"minecraft:play_time":52636,"tombstone:undead_killed":5,"minecraft:deaths":2,"minecraft:sneak_time":1565,"minecraft:walk_under_water_one_cm":4301,"minecraft:jump":1080,"minecraft:walk_on_water_one_cm":11398,"minecraft:total_world_time":52636,"minecraft:fall_one_cm":33378},"minecraft:picked_up":{"minecraft:birch_log":12,"minecraft:crafting_table":3,"minecraft:birch_door":2,"minecraft:leather":4,"minecraft:wooden_pickaxe":1,"minecraft:oak_log":25,"minecraft:string":7,"minecraft:dirt":16,"minecraft:bone":2,"minecraft:wheat_seeds":3,"minecraft:beef":13,"dynamictrees:oak_seed":5,"minecraft:egg":1,"minecraft:furnace":1,"minecraft:raw_iron":32,"minecraft:stick":27,"minecraft:torch":1,"minecraft:dandelion":1,"minecraft:porkchop":4,"tombstone:grave_dust":1,"minecraft:white_bed":1,"minecraft:spider_eye":2,"minecraft:rotten_flesh":2,"evilcraft:broom":1,"minecraft:oak_sapling":1,"minecraft:mutton":11,"minecraft:coal":27,"minecraft:white_wool":6,"minecraft:cobblestone":57}},"DataVersion":3465}