{"stats":{"minecraft:crafted":{"minecraft:oak_planks":96,"minecraft:coal":1,"minecraft:furnace":3,"minecraft:cooked_mutton":15,"minecraft:iron_boots":1,"minecraft:stone_pickaxe":3,"minecraft:chest":3,"minecraft:cooked_beef":17,"sophisticatedbackpacks:backpack":1,"minecraft:cooked_porkchop":9,"minecraft:crafting_table":2,"minecraft:wooden_pickaxe":1,"minecraft:iron_helmet":1,"minecraft:iron_sword":2,"minecraft:bucket":3,"minecraft:birch_planks":48,"minecraft:stone_axe":5,"minecraft:air":0,"minecraft:iron_chestplate":1,"minecraft:charcoal":1,"minecraft:shield":1,"minecraft:stick":88,"minecraft:iron_ingot":112,"minecraft:iron_pickaxe":5,"minecraft:iron_leggings":1,"minecraft:gold_ingot":22,"minecraft:torch":152},"minecraft:dropped":{"iceandfire:raw_silver":3,"minecraft:birch_planks":1,"minecraft:wheat_seeds":2,"vampirism:vampire_book":1,"evilcraft:condensed_blood":4,"minecraft:spore_blossom":1,"minecraft:stick":1,"minecraft:dirt":15,"tombstone:magic_scroll":2,"evilcraft:broom":1,"tombstone:grave_dust":1,"minecraft:redstone":2,"minecraft:bone":4,"minecraft:stone_axe":1,"tombstone:scroll_of_aquatic_life":1,"dynamictrees:oak_seed":1,"minecraft:tuff":30,"tombstone:gift":2,"minecraft:rotten_flesh":13,"vampirism:blood_bottle":1,"evilcraft:flesh_humanoid":5,"vampirism:vampire_blood_bottle":1,"minecraft:spider_eye":2,"minecraft:arrow":10,"minecraft:stone_pickaxe":3,"minecraft:wooden_pickaxe":2},"minecraft:mined":{"minecraft:tuff":44,"dynamictrees:birch_branch":145,"minecraft:deepslate_diamond_ore":6,"minecraft:granite":10,"minecraft:grass_block":7,"iceandfire:deepslate_silver_ore":3,"minecraft:moss_block":1,"minecraft:furnace":5,"minecraft:iron_ore":36,"minecraft:cobbled_deepslate":3,"evilcraft:dark_ore":3,"dynamictrees:oak_branch":250,"minecraft:cave_vines":1,"minecraft:deepslate_iron_ore":53,"minecraft:stone":78,"minecraft:white_wool":2,"minecraft:deepslate_redstone_ore":6,"minecraft:dandelion":1,"minecraft:crafting_table":8,"minecraft:clay":1,"minecraft:torch":1,"minecraft:chest":2,"minecraft:tall_grass":2,"minecraft:cobblestone":11,"minecraft:deepslate_coal_ore":5,"minecraft:deepslate_gold_ore":14,"minecraft:oak_planks":2,"minecraft:diorite":9,"minecraft:wall_torch":3,"minecraft:air":178,"evilcraft:dark_ore_deepslate":4,"minecraft:grass":17,"minecraft:coal_ore":40,"minecraft:dirt":12,"minecraft:sand":3,"minecraft:gravel":18,"minecraft:small_dripleaf":1,"minecraft:deepslate":436},"minecraft:broken":{"minecraft:stone_axe":3,"minecraft:iron_sword":1,"minecraft:iron_pickaxe":2},"minecraft:used":{"minecraft:moss_block":1,"minecraft:chest":4,"minecraft:shield":1,"minecraft:iron_sword":266,"dynamictrees:oak_seed":5,"minecraft:torch":76,"minecraft:dirt":41,"minecraft:tuff":14,"minecraft:granite":10,"minecraft:axolotl_bucket":2,"minecraft:birch_door":1,"minecraft:lava_bucket":2,"minecraft:oak_sapling":1,"minecraft:furnace":6,"minecraft:egg":1,"minecraft:cooked_beef":13,"minecraft:cobbled_deepslate":290,"minecraft:cooked_mutton":11,"minecraft:water_bucket":65,"minecraft:bundle":1,"minecraft:birch_planks":8,"minecraft:stone_pickaxe":120,"minecraft:oak_planks":4,"minecraft:wooden_pickaxe":6,"minecraft:white_wool":2,"minecraft:glow_berries":2,"minecraft:crafting_table":9,"minecraft:white_bed":1,"minecraft:iron_pickaxe":673,"tombstone:magic_scroll":2,"tombstone:grave_key":6,"minecraft:gravel":17,"minecraft:stone_axe":690,"minecraft:cobblestone":7,"minecraft:cooked_porkchop":2,"minecraft:bucket":71,"minecraft:dandelion":1},"minecraft:killed":{"vampirism:vampire":6,"vampirism:advanced_vampire":1,"minecraft:spider":4,"minecraft:skeleton":12,"vampirism:blinding_bat":1,"minecraft:pig":4,"minecraft:sheep":11,"minecraft:zombie":18,"alexsmobs:flutter":2,"iceandfire:ghost":1,"minecraft:cow":10},"minecraft:killed_by":{"minecraft:player":1,"minecraft:creeper":1,"minecraft:spider":1,"vampirism:vampire":2},"minecraft:custom":{"minecraft:mob_kills":74,"minecraft:interact_with_crafting_table":41,"goblintraders:trade_with_goblin":28,"minecraft:damage_dealt_resisted":431,"minecraft:leave_game":1,"minecraft:time_since_death":16782,"minecraft:climb_one_cm":213,"minecraft:sprint_one_cm":343572,"minecraft:walk_one_cm":433902,"minecraft:damage_blocked_by_shield":30,"minecraft:drop":53,"minecraft:play_time":155815,"minecraft:deaths":9,"minecraft:sneak_time":6667,"minecraft:walk_under_water_one_cm":25078,"minecraft:jump":2633,"minecraft:walk_on_water_one_cm":37605,"minecraft:total_world_time":155815,"minecraft:interact_with_furnace":92,"spartanshields:shield_bash_hits":1,"minecraft:sleep_in_bed":2,"minecraft:time_since_rest":16609,"minecraft:damage_taken":3912,"minecraft:damage_dealt":13049,"minecraft:fly_one_cm":499444,"minecraft:swim_one_cm":30890,"minecraft:open_chest":45,"minecraft:crouch_one_cm":16523,"tombstone:undead_killed":31,"minecraft:fall_one_cm":76867},"minecraft:picked_up":{"minecraft:birch_door":2,"minecraft:crafting_table":8,"minecraft:wooden_pickaxe":1,"minecraft:string":8,"minecraft:cobbled_deepslate":456,"minecraft:beef":17,"dynamictrees:oak_seed":5,"minecraft:chest":2,"minecraft:furnace":5,"minecraft:egg":1,"minecraft:stick":27,"minecraft:raw_iron":89,"minecraft:torch":5,"minecraft:porkchop":9,"minecraft:diorite":9,"tombstone:grave_dust":1,"vampirism:vampire_fang":2,"minecraft:redstone":22,"vampirism:blood_bottle":1,"minecraft:arrow":21,"minecraft:rotten_flesh":17,"minecraft:glow_berries":1,"minecraft:mutton":15,"minecraft:white_wool":11,"minecraft:cobblestone":86,"minecraft:birch_log":12,"vampirism:vampire_book":1,"vampirism:vampire_blood_bottle":1,"minecraft:leather":9,"minecraft:flint":4,"minecraft:tuff":44,"minecraft:oak_log":25,"evilcraft:flesh_humanoid":1,"minecraft:dirt":34,"minecraft:bone":12,"minecraft:wheat_seeds":3,"minecraft:raw_gold":14,"minecraft:spore_blossom":1,"minecraft:moss_block":1,"minecraft:oak_planks":19,"minecraft:dandelion":1,"minecraft:gravel":17,"minecraft:white_bed":1,"minecraft:spider_eye":2,"minecraft:bundle":1,"minecraft:diamond":6,"evilcraft:broom":1,"evilcraft:dark_gem":31,"minecraft:granite":10,"tombstone:magic_scroll":2,"minecraft:oak_sapling":1,"minecraft:coal":45,"iceandfire:raw_silver":3}},"DataVersion":3465}