{"stats":{"minecraft:crafted":{"minecraft:oak_planks":96,"minecraft:coal":1,"minecraft:furnace":3,"minecraft:cooked_mutton":11,"minecraft:iron_boots":1,"minecraft:stone_pickaxe":3,"minecraft:chest":1,"minecraft:cooked_beef":13,"sophisticatedbackpacks:backpack":1,"minecraft:cooked_porkchop":4,"minecraft:crafting_table":2,"minecraft:wooden_pickaxe":1,"minecraft:iron_helmet":1,"minecraft:iron_sword":2,"minecraft:bucket":3,"minecraft:birch_planks":48,"minecraft:stone_axe":5,"minecraft:air":0,"minecraft:iron_chestplate":1,"minecraft:charcoal":1,"minecraft:shield":1,"minecraft:stick":88,"minecraft:iron_ingot":109,"minecraft:iron_pickaxe":5,"minecraft:iron_leggings":1,"minecraft:gold_ingot":21,"minecraft:torch":152},"minecraft:dropped":{"iceandfire:raw_silver":3,"minecraft:birch_planks":1,"minecraft:wheat_seeds":2,"minecraft:spore_blossom":1,"minecraft:stick":1,"evilcraft:broom":1,"tombstone:grave_dust":1,"minecraft:bone":4,"minecraft:stone_axe":1,"dynamictrees:oak_seed":1,"tombstone:gift":2,"minecraft:rotten_flesh":13,"vampirism:blood_bottle":1,"evilcraft:flesh_humanoid":5,"minecraft:spider_eye":2,"minecraft:arrow":10,"minecraft:stone_pickaxe":3,"minecraft:wooden_pickaxe":2},"minecraft:mined":{"minecraft:tuff":44,"dynamictrees:birch_branch":145,"minecraft:deepslate_diamond_ore":6,"minecraft:granite":10,"iceandfire:deepslate_silver_ore":3,"minecraft:moss_block":1,"minecraft:furnace":5,"minecraft:iron_ore":36,"minecraft:cobbled_deepslate":3,"evilcraft:dark_ore":3,"dynamictrees:oak_branch":250,"minecraft:cave_vines":1,"minecraft:deepslate_iron_ore":53,"minecraft:stone":78,"minecraft:deepslate_redstone_ore":6,"minecraft:dandelion":1,"minecraft:crafting_table":8,"minecraft:clay":1,"minecraft:torch":1,"minecraft:tall_grass":2,"minecraft:cobblestone":7,"minecraft:deepslate_coal_ore":5,"minecraft:deepslate_gold_ore":14,"minecraft:diorite":9,"minecraft:wall_torch":3,"minecraft:air":178,"evilcraft:dark_ore_deepslate":4,"minecraft:grass":13,"minecraft:coal_ore":40,"minecraft:sand":3,"minecraft:gravel":18,"minecraft:small_dripleaf":1,"minecraft:deepslate":436},"minecraft:broken":{"minecraft:stone_axe":3,"minecraft:iron_pickaxe":2},"minecraft:used":{"minecraft:moss_block":1,"minecraft:shield":1,"minecraft:iron_sword":238,"dynamictrees:oak_seed":5,"minecraft:torch":70,"minecraft:dirt":38,"minecraft:birch_door":1,"minecraft:lava_bucket":2,"minecraft:oak_sapling":1,"minecraft:furnace":6,"minecraft:egg":1,"minecraft:cooked_beef":13,"minecraft:cobbled_deepslate":256,"minecraft:cooked_mutton":11,"minecraft:water_bucket":63,"minecraft:birch_planks":8,"minecraft:stone_pickaxe":120,"minecraft:wooden_pickaxe":6,"minecraft:white_wool":2,"minecraft:glow_berries":2,"minecraft:crafting_table":9,"minecraft:white_bed":1,"minecraft:iron_pickaxe":669,"tombstone:magic_scroll":2,"tombstone:grave_key":6,"minecraft:gravel":17,"minecraft:stone_axe":666,"minecraft:cobblestone":7,"minecraft:bucket":68,"minecraft:dandelion":1},"minecraft:killed":{"vampirism:vampire":6,"minecraft:spider":3,"minecraft:skeleton":12,"minecraft:pig":3,"minecraft:sheep":9,"minecraft:zombie":18,"alexsmobs:flutter":2,"iceandfire:ghost":1,"minecraft:cow":6},"minecraft:killed_by":{"minecraft:player":1,"minecraft:creeper":1,"vampirism:vampire":2},"minecraft:custom":{"minecraft:mob_kills":64,"minecraft:interact_with_crafting_table":39,"goblintraders:trade_with_goblin":28,"minecraft:damage_dealt_resisted":431,"minecraft:time_since_death":14824,"minecraft:climb_one_cm":213,"minecraft:sprint_one_cm":301109,"minecraft:walk_one_cm":394757,"minecraft:damage_blocked_by_shield":30,"minecraft:drop":44,"minecraft:play_time":136636,"minecraft:deaths":8,"minecraft:sneak_time":5140,"minecraft:walk_under_water_one_cm":23791,"minecraft:jump":2328,"minecraft:walk_on_water_one_cm":32484,"minecraft:total_world_time":136636,"minecraft:interact_with_furnace":76,"spartanshields:shield_bash_hits":1,"minecraft:sleep_in_bed":2,"minecraft:time_since_rest":14620,"minecraft:damage_taken":3668,"minecraft:damage_dealt":11702,"minecraft:fly_one_cm":418816,"minecraft:swim_one_cm":28072,"minecraft:open_chest":24,"minecraft:crouch_one_cm":13162,"tombstone:undead_killed":31,"minecraft:fall_one_cm":63953},"minecraft:picked_up":{"minecraft:birch_door":2,"minecraft:crafting_table":8,"minecraft:wooden_pickaxe":1,"minecraft:string":7,"minecraft:cobbled_deepslate":456,"minecraft:beef":13,"dynamictrees:oak_seed":5,"minecraft:furnace":5,"minecraft:egg":1,"minecraft:stick":27,"minecraft:raw_iron":89,"minecraft:torch":5,"minecraft:porkchop":7,"minecraft:diorite":9,"tombstone:grave_dust":1,"vampirism:vampire_fang":2,"minecraft:redstone":20,"vampirism:blood_bottle":1,"minecraft:arrow":21,"minecraft:rotten_flesh":17,"minecraft:glow_berries":1,"minecraft:mutton":12,"minecraft:white_wool":7,"minecraft:cobblestone":83,"minecraft:birch_log":12,"minecraft:leather":5,"minecraft:flint":4,"minecraft:tuff":44,"minecraft:oak_log":25,"evilcraft:flesh_humanoid":1,"minecraft:dirt":16,"minecraft:bone":12,"minecraft:wheat_seeds":3,"minecraft:raw_gold":14,"minecraft:spore_blossom":1,"minecraft:moss_block":1,"minecraft:dandelion":1,"minecraft:gravel":17,"minecraft:white_bed":1,"minecraft:spider_eye":2,"minecraft:bundle":1,"minecraft:diamond":6,"evilcraft:broom":1,"evilcraft:dark_gem":31,"minecraft:granite":10,"tombstone:magic_scroll":2,"minecraft:oak_sapling":1,"minecraft:coal":45,"iceandfire:raw_silver":3}},"DataVersion":3465}