{"stats":{"minecraft:killed_by":{"minecraft:player":2,"minecraft:spider":2,"minecraft:warden":5,"minecraft:cave_spider":1,"minecraft:skeleton":1,"minecraft:zombie":2},"minecraft:custom":{"minecraft:mob_kills":60,"minecraft:interact_with_crafting_table":52,"minecraft:damage_dealt_resisted":124,"minecraft:leave_game":18,"minecraft:time_since_death":461,"minecraft:damage_resisted":9,"vampirism:amount_bitten":50,"minecraft:sprint_one_cm":499942,"minecraft:walk_one_cm":1555319,"minecraft:drop":30,"vampirism:skills_unlocked":10,"minecraft:talked_to_villager":1,"minecraft:play_time":469591,"minecraft:sneak_time":5755,"minecraft:deaths":16,"minecraft:walk_under_water_one_cm":53389,"minecraft:jump":4217,"minecraft:walk_on_water_one_cm":76542,"minecraft:total_world_time":469591,"vampirism:blood_drunk":2400,"minecraft:interact_with_furnace":31,"minecraft:sleep_in_bed":3,"minecraft:time_since_rest":1,"vampirism:resurrected":1,"minecraft:damage_taken":482673,"minecraft:damage_dealt":14364,"minecraft:player_kills":4,"minecraft:swim_one_cm":18315,"minecraft:fly_one_cm":693028,"minecraft:open_chest":58,"minecraft:crouch_one_cm":18286,"tombstone:undead_killed":26,"minecraft:fall_one_cm":78221},"minecraft:used":{"minecraft:iron_shovel":5542,"minecraft:stone_shovel":1195,"minecraft:poppy":1,"minecraft:chest":6,"easy_hammers:stone_hammer":77,"dynamictrees:oak_seed":3,"minecraft:rotten_flesh":22,"minecraft:stone_hoe":19,"minecraft:dirt":433,"minecraft:carrot":49,"minecraft:birch_door":1,"minecraft:iron_axe":193,"evilcraft:flesh_humanoid":1,"minecraft:furnace":2,"minecraft:cobbled_deepslate":151,"minecraft:water_bucket":107,"minecraft:stone_pickaxe":388,"minecraft:oak_planks":1,"minecraft:wooden_pickaxe":35,"minecraft:crafting_table":9,"minecraft:white_bed":1,"minecraft:shears":1,"minecraft:apple":2,"minecraft:iron_pickaxe":660,"tombstone:grave_key":9,"minecraft:stone_axe":257,"minecraft:cobblestone":113,"minecraft:cooked_porkchop":1,"minecraft:bucket":108,"chococraft:gysahl_green":4,"minecraft:bone_meal":18},"minecraft:broken":{"minecraft:iron_shovel":22,"easy_hammers:stone_hammer":1,"minecraft:stone_pickaxe":3,"minecraft:iron_axe":1,"minecraft:stone_axe":4,"minecraft:iron_pickaxe":1,"minecraft:stone_shovel":8},"minecraft:dropped":{"minecraft:wheat_seeds":9,"minecraft:oak_log":4,"minecraft:cooked_porkchop":1,"chococraft:gysahl_green_seeds":1,"minecraft:dirt":1,"tombstone:grave_dust":7,"minecraft:iron_axe":1,"minecraft:iron_pickaxe":1,"minecraft:iron_shovel":2,"minecraft:bone":8,"minecraft:gravel":2,"duckling:raw_duck":1,"minecraft:furnace":1,"minecraft:birch_sapling":6,"minecraft:stone_shovel":1,"tombstone:gift":3,"minecraft:spider_eye":1,"minecraft:arrow":2,"minecraft:black_wool":1},"minecraft:picked_up":{"minecraft:seagrass":11,"minecraft:crafting_table":5,"chococraft:loverly_gysahl_green":4,"minecraft:azure_bluet":4,"minecraft:cornflower":4,"minecraft:string":16,"minecraft:raw_copper":26,"minecraft:iron_axe":1,"evilcraft:poison_sac":1,"minecraft:iron_shovel":2,"mca:engagement_ring":1,"minecraft:cobbled_deepslate":701,"minecraft:beef":7,"minecraft:player_head":1,"dynamictrees:oak_seed":3,"minecraft:poppy":6,"minecraft:birch_sapling":8,"minecraft:furnace":2,"minecraft:egg":1,"duckling:raw_duck":1,"mca:wedding_ring":1,"minecraft:stick":44,"minecraft:raw_iron":90,"minecraft:torch":1,"minecraft:diorite":37,"tombstone:grave_dust":11,"vampirism:vampire_fang":1,"minecraft:carrot":36,"minecraft:redstone":36,"minecraft:rotten_flesh":25,"minecraft:arrow":13,"minecraft:stone_shovel":1,"minecraft:white_wool":17,"minecraft:cobblestone":862,"minecraft:oxeye_daisy":4,"minecraft:birch_log":33,"minecraft:feather":1,"minecraft:andesite":101,"minecraft:leather":5,"minecraft:potato":1,"paraglider:spirit_orb":2,"minecraft:tuff":37,"minecraft:oak_log":112,"minecraft:gunpowder":4,"minecraft:dirt":6917,"tombstone:gift":1,"minecraft:bone":16,"chococraft:gysahl_green":47,"minecraft:apple":5,"chococraft:gold_gysahl":1,"minecraft:kelp":12,"minecraft:wheat_seeds":182,"minecraft:raw_gold":9,"minecraft:oak_planks":2,"duckling:duck_egg":8,"minecraft:cooked_porkchop":2,"minecraft:pumpkin":15,"minecraft:dandelion":44,"minecraft:raw_iron_block":1,"minecraft:gravel":6,"chococraft:gysahl_green_seeds":18,"minecraft:white_bed":1,"minecraft:spider_eye":5,"minecraft:diamond":23,"evilcraft:dark_gem":24,"minecraft:granite":41,"minecraft:oak_sapling":41,"minecraft:black_wool":1,"minecraft:coal":22,"iceandfire:raw_silver":4},"minecraft:crafted":{"minecraft:oak_planks":92,"minecraft:stone_shovel":9,"minecraft:furnace":1,"easy_hammers:stone_hammer":1,"minecraft:bone_meal":18,"minecraft:diamond_block":2,"minecraft:iron_boots":1,"minecraft:iron_axe":1,"minecraft:stone_pickaxe":3,"minecraft:chest":6,"minecraft:stone_hoe":1,"sophisticatedbackpacks:backpack":1,"minecraft:crafting_table":5,"minecraft:iron_helmet":1,"minecraft:wooden_pickaxe":1,"minecraft:bucket":1,"minecraft:stone_axe":4,"minecraft:air":0,"minecraft:iron_chestplate":1,"minecraft:stick":12,"minecraft:iron_ingot":90,"minecraft:iron_pickaxe":3,"minecraft:iron_shovel":22,"minecraft:iron_leggings":1,"minecraft:gold_ingot":2,"minecraft:white_bed":1,"minecraft:shears":1},"minecraft:mined":{"minecraft:tuff":8,"minecraft:white_bed":1,"iceandfire:silver_ore":4,"minecraft:deepslate_diamond_ore":1,"farmersdelight:wild_carrots":10,"minecraft:granite":24,"minecraft:grass_block":3662,"minecraft:kelp":1,"minecraft:spawner":1,"minecraft:tall_seagrass":6,"minecraft:raw_iron_block":1,"minecraft:furnace":1,"minecraft:carrots":7,"minecraft:iron_ore":65,"minecraft:andesite":67,"minecraft:pumpkin":15,"evilcraft:dark_ore":2,"minecraft:azure_bluet":1,"chococraft:gysahl_green":17,"dynamictrees:oak_branch":4,"minecraft:deepslate_iron_ore":27,"minecraft:dirt_path":1,"minecraft:stone":666,"minecraft:player_head":1,"vampirism:cursed_earth":3,"minecraft:kelp_plant":1,"minecraft:dandelion":2,"minecraft:powder_snow":1,"vampirism:cursed_grass":1,"minecraft:crafting_table":5,"minecraft:cornflower":1,"minecraft:sculk_sensor":2,"minecraft:tall_grass":12,"minecraft:copper_ore":7,"minecraft:lapis_ore":1,"minecraft:deepslate_gold_ore":5,"minecraft:sculk":13,"minecraft:diorite":20,"minecraft:air":13,"minecraft:seagrass":1,"evilcraft:dark_ore_deepslate":4,"minecraft:birch_log":34,"minecraft:birch_leaves":1,"minecraft:grass":253,"minecraft:oak_log":98,"minecraft:coal_ore":22,"minecraft:gravel":15,"minecraft:dirt":3207,"minecraft:gold_ore":4,"minecraft:oak_leaves":5,"minecraft:deepslate":155},"minecraft:killed":{"vampirism:vampire":5,"minecraft:cave_spider":1,"mca:male_zombie_villager":1,"vampirism:advanced_vampire":1,"minecraft:spider":18,"minecraft:skeleton":8,"duckling:duck":1,"minecraft:creeper":3,"minecraft:zombie":17,"evilcraft:poisonous_libelle":1,"minecraft:cow":3}},"DataVersion":3465}