{"stats":{"minecraft:picked_up":{"minecraft:birch_log":5,"minecraft:stick":1,"minecraft:raw_iron":34,"paraglider:spirit_orb":2,"minecraft:oak_log":10,"minecraft:spider_eye":1,"minecraft:dirt":35,"evilcraft:poison_sac":1,"minecraft:arrow":3,"minecraft:rotten_flesh":5,"minecraft:apple":2,"minecraft:wheat_seeds":5,"minecraft:cobbled_deepslate":2,"minecraft:poppy":1,"minecraft:oak_sapling":3,"minecraft:birch_sapling":2,"minecraft:cobblestone":59},"minecraft:killed_by":{"minecraft:player":1,"minecraft:cave_spider":1,"minecraft:skeleton":1},"minecraft:killed":{"minecraft:cave_spider":1,"evilcraft:poisonous_libelle":1,"minecraft:zombie":3,"minecraft:spider":1},"minecraft:custom":{"minecraft:time_since_rest":15602,"minecraft:interact_with_furnace":1,"minecraft:sprint_one_cm":22143,"minecraft:damage_taken":1045,"minecraft:walk_one_cm":158631,"minecraft:mob_kills":6,"minecraft:drop":1,"minecraft:damage_dealt":886,"minecraft:interact_with_crafting_table":5,"minecraft:player_kills":1,"minecraft:fly_one_cm":36886,"minecraft:crouch_one_cm":1271,"minecraft:play_time":84957,"tombstone:undead_killed":3,"minecraft:deaths":3,"minecraft:sneak_time":492,"minecraft:walk_under_water_one_cm":17953,"minecraft:jump":468,"minecraft:leave_game":7,"minecraft:walk_on_water_one_cm":13810,"minecraft:time_since_death":16644,"minecraft:total_world_time":84957,"minecraft:fall_one_cm":5726},"minecraft:crafted":{"minecraft:oak_planks":24,"minecraft:crafting_table":2,"minecraft:stick":8,"minecraft:wooden_pickaxe":1,"minecraft:stone_pickaxe":1,"minecraft:stone_axe":1},"minecraft:mined":{"minecraft:iron_ore":10,"minecraft:birch_log":5,"minecraft:deepslate_iron_ore":26,"minecraft:grass":39,"minecraft:grass_block":6,"minecraft:oak_log":10,"minecraft:dirt":7,"minecraft:stone":52,"minecraft:oak_leaves":2,"minecraft:deepslate":2,"minecraft:spawner":1},"minecraft:used":{"minecraft:apple":2,"minecraft:stone_pickaxe":56,"minecraft:wooden_pickaxe":35,"tombstone:grave_key":1,"evilcraft:flesh_humanoid":1,"minecraft:rotten_flesh":4,"minecraft:stone_axe":35,"minecraft:dirt":21,"minecraft:crafting_table":2},"minecraft:dropped":{"minecraft:oak_log":4}},"DataVersion":3465}