{"stats":{"minecraft:crafted":{"minecraft:oak_planks":24,"minecraft:crafting_table":3,"minecraft:wooden_pickaxe":1,"minecraft:iron_helmet":1,"minecraft:furnace":1,"easy_hammers:stone_hammer":1,"minecraft:bone_meal":18,"minecraft:bucket":1,"minecraft:stone_axe":3,"minecraft:air":0,"minecraft:iron_boots":1,"minecraft:iron_chestplate":1,"minecraft:stick":12,"minecraft:iron_ingot":43,"minecraft:stone_pickaxe":1,"minecraft:iron_leggings":1,"minecraft:white_bed":1,"minecraft:stone_hoe":1,"minecraft:shears":1},"minecraft:mined":{"minecraft:white_bed":1,"iceandfire:silver_ore":4,"farmersdelight:wild_carrots":10,"minecraft:crafting_table":4,"minecraft:granite":3,"minecraft:grass_block":15,"minecraft:tall_grass":11,"minecraft:lapis_ore":1,"minecraft:deepslate_gold_ore":5,"minecraft:diorite":11,"minecraft:spawner":1,"minecraft:air":13,"minecraft:furnace":1,"minecraft:carrots":7,"evilcraft:dark_ore_deepslate":3,"minecraft:birch_log":5,"minecraft:iron_ore":65,"minecraft:andesite":23,"minecraft:birch_leaves":1,"minecraft:pumpkin":7,"evilcraft:dark_ore":2,"chococraft:gysahl_green":17,"minecraft:grass":61,"dynamictrees:oak_branch":4,"minecraft:oak_log":20,"minecraft:deepslate_iron_ore":27,"minecraft:gravel":6,"minecraft:dirt":17,"minecraft:stone":184,"minecraft:gold_ore":4,"minecraft:oak_leaves":2,"minecraft:deepslate":70},"minecraft:dropped":{"minecraft:furnace":1,"minecraft:wheat_seeds":9,"minecraft:oak_log":4,"tombstone:gift":2,"chococraft:gysahl_green_seeds":1,"minecraft:spider_eye":1,"tombstone:grave_dust":7,"minecraft:arrow":2,"minecraft:black_wool":1,"minecraft:bone":8},"minecraft:used":{"minecraft:water_bucket":1,"minecraft:stone_pickaxe":126,"minecraft:oak_planks":1,"minecraft:poppy":1,"minecraft:wooden_pickaxe":35,"easy_hammers:stone_hammer":77,"dynamictrees:oak_seed":1,"minecraft:stone_hoe":19,"minecraft:rotten_flesh":20,"minecraft:dirt":31,"minecraft:crafting_table":6,"minecraft:carrot":35,"minecraft:white_bed":1,"minecraft:shears":1,"minecraft:birch_door":1,"minecraft:apple":2,"minecraft:iron_pickaxe":225,"tombstone:grave_key":3,"evilcraft:flesh_humanoid":1,"minecraft:stone_axe":119,"minecraft:cobblestone":48,"minecraft:furnace":2,"minecraft:bucket":1,"chococraft:gysahl_green":4,"minecraft:bone_meal":18},"minecraft:broken":{"minecraft:stone_pickaxe":1,"minecraft:stone_axe":2,"easy_hammers:stone_hammer":1},"minecraft:killed":{"vampirism:vampire":1,"minecraft:cave_spider":1,"vampirism:advanced_vampire":1,"minecraft:spider":5,"minecraft:creeper":1,"minecraft:skeleton":4,"evilcraft:poisonous_libelle":1,"minecraft:zombie":8,"minecraft:cow":2},"minecraft:killed_by":{"minecraft:player":1,"minecraft:cave_spider":1,"minecraft:skeleton":1,"minecraft:zombie":2},"minecraft:custom":{"minecraft:interact_with_furnace":16,"minecraft:mob_kills":24,"minecraft:interact_with_crafting_table":18,"minecraft:damage_dealt_resisted":124,"minecraft:leave_game":10,"minecraft:time_since_death":11127,"minecraft:sleep_in_bed":2,"minecraft:time_since_rest":8588,"minecraft:sprint_one_cm":109363,"minecraft:damage_taken":1590,"minecraft:walk_one_cm":574849,"minecraft:drop":19,"minecraft:damage_dealt":4657,"minecraft:fly_one_cm":198444,"minecraft:player_kills":1,"minecraft:open_chest":5,"minecraft:crouch_one_cm":4192,"minecraft:play_time":179468,"tombstone:undead_killed":12,"minecraft:deaths":5,"minecraft:sneak_time":1574,"minecraft:walk_under_water_one_cm":26819,"minecraft:jump":1664,"minecraft:walk_on_water_one_cm":36222,"minecraft:total_world_time":179468,"minecraft:fall_one_cm":30372},"minecraft:picked_up":{"minecraft:birch_log":5,"chococraft:loverly_gysahl_green":4,"minecraft:crafting_table":4,"minecraft:leather":2,"paraglider:spirit_orb":2,"minecraft:oak_log":35,"minecraft:gunpowder":2,"minecraft:string":4,"minecraft:dirt":49,"tombstone:gift":1,"evilcraft:poison_sac":1,"minecraft:bone":12,"chococraft:gysahl_green":47,"minecraft:apple":2,"chococraft:gold_gysahl":1,"minecraft:wheat_seeds":13,"minecraft:cobbled_deepslate":64,"minecraft:raw_gold":9,"minecraft:beef":5,"dynamictrees:oak_seed":3,"minecraft:poppy":1,"minecraft:birch_sapling":2,"minecraft:oak_planks":1,"duckling:duck_egg":6,"minecraft:egg":1,"minecraft:furnace":2,"minecraft:stick":13,"minecraft:raw_iron":90,"minecraft:pumpkin":7,"chococraft:gysahl_green_seeds":18,"tombstone:grave_dust":7,"minecraft:white_bed":1,"minecraft:carrot":35,"minecraft:spider_eye":3,"minecraft:arrow":5,"minecraft:rotten_flesh":14,"evilcraft:dark_gem":24,"minecraft:granite":4,"minecraft:oak_sapling":3,"iceandfire:raw_silver":4,"minecraft:black_wool":1,"minecraft:white_wool":11,"minecraft:cobblestone":214}},"DataVersion":3465}