{"stats":{"minecraft:crafted":{"minecraft:oak_planks":24,"minecraft:crafting_table":3,"minecraft:wooden_pickaxe":1,"minecraft:iron_helmet":1,"minecraft:furnace":1,"easy_hammers:stone_hammer":1,"minecraft:stone_axe":2,"minecraft:air":0,"minecraft:iron_boots":1,"minecraft:iron_chestplate":1,"minecraft:stick":12,"minecraft:iron_ingot":38,"minecraft:stone_pickaxe":1,"minecraft:iron_leggings":1,"minecraft:white_bed":1,"minecraft:shears":1},"minecraft:dropped":{"minecraft:wheat_seeds":3,"minecraft:oak_log":4,"tombstone:gift":2,"chococraft:gysahl_green_seeds":1,"tombstone:grave_dust":1,"minecraft:black_wool":1,"minecraft:bone":2},"minecraft:mined":{"minecraft:white_bed":1,"minecraft:crafting_table":4,"minecraft:grass_block":12,"minecraft:tall_grass":11,"minecraft:spawner":1,"minecraft:air":13,"minecraft:furnace":1,"minecraft:birch_log":5,"minecraft:iron_ore":13,"minecraft:birch_leaves":1,"chococraft:gysahl_green":17,"minecraft:grass":54,"dynamictrees:oak_branch":4,"minecraft:oak_log":20,"minecraft:deepslate_iron_ore":27,"minecraft:dirt":10,"minecraft:stone":58,"minecraft:oak_leaves":2,"minecraft:deepslate":2},"minecraft:broken":{"minecraft:stone_axe":2},"minecraft:used":{"minecraft:stone_pickaxe":64,"minecraft:oak_planks":1,"minecraft:poppy":1,"minecraft:wooden_pickaxe":35,"easy_hammers:stone_hammer":5,"dynamictrees:oak_seed":1,"minecraft:rotten_flesh":7,"minecraft:dirt":28,"minecraft:crafting_table":6,"minecraft:white_bed":1,"minecraft:birch_door":1,"minecraft:apple":2,"tombstone:grave_key":2,"evilcraft:flesh_humanoid":1,"minecraft:stone_axe":119,"minecraft:cobblestone":5,"minecraft:furnace":1,"chococraft:gysahl_green":4},"minecraft:killed":{"minecraft:cave_spider":1,"vampirism:advanced_vampire":1,"minecraft:spider":3,"evilcraft:poisonous_libelle":1,"minecraft:zombie":8,"minecraft:cow":2},"minecraft:killed_by":{"minecraft:player":1,"minecraft:cave_spider":1,"minecraft:skeleton":1,"minecraft:zombie":1},"minecraft:custom":{"minecraft:interact_with_furnace":9,"minecraft:mob_kills":16,"minecraft:interact_with_crafting_table":12,"minecraft:damage_dealt_resisted":124,"minecraft:leave_game":10,"minecraft:time_since_death":11726,"minecraft:sleep_in_bed":1,"minecraft:time_since_rest":11073,"minecraft:sprint_one_cm":32239,"minecraft:damage_taken":1207,"minecraft:walk_one_cm":420989,"minecraft:drop":10,"minecraft:damage_dealt":3043,"minecraft:fly_one_cm":56727,"minecraft:player_kills":1,"minecraft:open_chest":1,"minecraft:crouch_one_cm":2948,"minecraft:play_time":137468,"tombstone:undead_killed":8,"minecraft:deaths":4,"minecraft:sneak_time":1054,"minecraft:walk_under_water_one_cm":22257,"minecraft:jump":851,"minecraft:walk_on_water_one_cm":26125,"minecraft:total_world_time":137468,"minecraft:fall_one_cm":9010},"minecraft:picked_up":{"minecraft:birch_log":5,"chococraft:loverly_gysahl_green":4,"minecraft:crafting_table":4,"minecraft:leather":2,"paraglider:spirit_orb":2,"minecraft:oak_log":26,"minecraft:dirt":44,"tombstone:gift":1,"evilcraft:poison_sac":1,"chococraft:gysahl_green":47,"minecraft:apple":2,"chococraft:gold_gysahl":1,"minecraft:wheat_seeds":12,"minecraft:cobbled_deepslate":2,"minecraft:beef":5,"dynamictrees:oak_seed":1,"minecraft:poppy":1,"minecraft:birch_sapling":2,"minecraft:oak_planks":1,"duckling:duck_egg":6,"minecraft:furnace":1,"minecraft:stick":2,"minecraft:raw_iron":38,"chococraft:gysahl_green_seeds":18,"tombstone:grave_dust":1,"minecraft:white_bed":1,"minecraft:spider_eye":2,"minecraft:arrow":3,"minecraft:rotten_flesh":12,"minecraft:oak_sapling":3,"minecraft:black_wool":1,"minecraft:white_wool":8,"minecraft:cobblestone":87}},"DataVersion":3465}