{"stats":{"minecraft:crafted":{"minecraft:oak_planks":24,"minecraft:crafting_table":3,"minecraft:wooden_pickaxe":1,"minecraft:iron_helmet":1,"minecraft:furnace":1,"easy_hammers:stone_hammer":1,"minecraft:stone_axe":2,"minecraft:air":0,"minecraft:iron_boots":1,"minecraft:iron_chestplate":1,"minecraft:stick":12,"minecraft:iron_ingot":38,"minecraft:stone_pickaxe":1,"minecraft:iron_leggings":1,"minecraft:white_bed":1,"minecraft:shears":1},"minecraft:dropped":{"minecraft:oak_log":4,"tombstone:gift":2,"tombstone:grave_dust":1,"minecraft:black_wool":1},"minecraft:mined":{"minecraft:white_bed":1,"minecraft:crafting_table":4,"minecraft:grass_block":12,"minecraft:tall_grass":3,"minecraft:spawner":1,"minecraft:furnace":1,"minecraft:birch_log":5,"minecraft:iron_ore":13,"minecraft:birch_leaves":1,"minecraft:grass":40,"minecraft:oak_log":20,"minecraft:deepslate_iron_ore":27,"minecraft:dirt":10,"minecraft:stone":58,"minecraft:oak_leaves":2,"minecraft:deepslate":2},"minecraft:broken":{"minecraft:stone_axe":1},"minecraft:used":{"minecraft:stone_pickaxe":64,"minecraft:poppy":1,"minecraft:wooden_pickaxe":35,"easy_hammers:stone_hammer":4,"minecraft:rotten_flesh":7,"minecraft:dirt":26,"minecraft:crafting_table":6,"minecraft:white_bed":1,"minecraft:apple":2,"tombstone:grave_key":1,"evilcraft:flesh_humanoid":1,"minecraft:stone_axe":82,"minecraft:furnace":1},"minecraft:killed":{"minecraft:cave_spider":1,"minecraft:spider":3,"evilcraft:poisonous_libelle":1,"minecraft:zombie":8},"minecraft:killed_by":{"minecraft:player":1,"minecraft:cave_spider":1,"minecraft:skeleton":1,"minecraft:zombie":1},"minecraft:custom":{"minecraft:interact_with_furnace":8,"minecraft:mob_kills":13,"minecraft:interact_with_crafting_table":12,"minecraft:leave_game":10,"minecraft:time_since_death":459,"minecraft:sleep_in_bed":1,"minecraft:time_since_rest":1,"minecraft:sprint_one_cm":26504,"minecraft:damage_taken":1151,"minecraft:walk_one_cm":305649,"minecraft:drop":5,"minecraft:damage_dealt":2356,"minecraft:fly_one_cm":40930,"minecraft:player_kills":1,"minecraft:crouch_one_cm":1280,"minecraft:sneak_time":549,"minecraft:play_time":126201,"tombstone:undead_killed":8,"minecraft:deaths":4,"minecraft:walk_under_water_one_cm":22257,"minecraft:jump":737,"minecraft:walk_on_water_one_cm":26125,"minecraft:total_world_time":126201,"minecraft:fall_one_cm":7280},"minecraft:picked_up":{"minecraft:birch_log":5,"minecraft:crafting_table":4,"paraglider:spirit_orb":2,"minecraft:oak_log":20,"minecraft:dirt":44,"tombstone:gift":1,"evilcraft:poison_sac":1,"minecraft:apple":2,"minecraft:wheat_seeds":5,"minecraft:cobbled_deepslate":2,"minecraft:poppy":1,"minecraft:birch_sapling":2,"duckling:duck_egg":6,"minecraft:furnace":1,"minecraft:stick":1,"minecraft:raw_iron":38,"tombstone:grave_dust":1,"minecraft:white_bed":1,"minecraft:spider_eye":2,"minecraft:arrow":3,"minecraft:rotten_flesh":10,"minecraft:oak_sapling":3,"minecraft:black_wool":1,"minecraft:white_wool":6,"minecraft:cobblestone":87}},"DataVersion":3465}