{"stats":{"minecraft:picked_up":{"minecraft:birch_log":5,"minecraft:stick":1,"minecraft:oak_log":10,"minecraft:dirt":12,"evilcraft:poison_sac":1,"minecraft:arrow":3,"minecraft:apple":2,"minecraft:rotten_flesh":4,"minecraft:wheat_seeds":5,"minecraft:poppy":1,"minecraft:oak_sapling":3,"minecraft:birch_sapling":2,"minecraft:cobblestone":42},"minecraft:killed_by":{"minecraft:player":1},"minecraft:killed":{"evilcraft:poisonous_libelle":1,"minecraft:zombie":2,"minecraft:spider":1},"minecraft:custom":{"minecraft:time_since_rest":49828,"minecraft:interact_with_furnace":1,"minecraft:sprint_one_cm":21723,"minecraft:damage_taken":425,"minecraft:walk_one_cm":87205,"minecraft:mob_kills":4,"minecraft:damage_dealt":466,"minecraft:interact_with_crafting_table":4,"minecraft:fly_one_cm":35419,"minecraft:crouch_one_cm":976,"minecraft:play_time":55342,"tombstone:undead_killed":2,"minecraft:deaths":1,"minecraft:sneak_time":245,"minecraft:walk_under_water_one_cm":1883,"minecraft:jump":329,"minecraft:leave_game":7,"minecraft:walk_on_water_one_cm":750,"minecraft:time_since_death":50056,"minecraft:total_world_time":55342,"minecraft:fall_one_cm":3762},"minecraft:crafted":{"minecraft:oak_planks":24,"minecraft:crafting_table":1,"minecraft:stick":4,"minecraft:wooden_pickaxe":1,"minecraft:stone_axe":1},"minecraft:used":{"minecraft:wooden_pickaxe":35,"minecraft:rotten_flesh":4,"minecraft:stone_axe":20,"minecraft:dirt":4,"minecraft:crafting_table":1},"minecraft:mined":{"minecraft:birch_log":5,"minecraft:grass":39,"minecraft:grass_block":4,"minecraft:oak_log":10,"minecraft:dirt":3,"minecraft:stone":35,"minecraft:oak_leaves":2}},"DataVersion":3465}