{"stats":{"minecraft:mined":{"minecraft:tuff":9,"minecraft:white_bed":1,"iceandfire:silver_ore":12,"minecraft:deepslate_diamond_ore":1,"farmersdelight:wild_carrots":10,"minecraft:granite":28,"minecraft:grass_block":3712,"minecraft:moss_block":2,"minecraft:kelp":1,"minecraft:spawner":1,"minecraft:large_fern":3,"minecraft:tall_seagrass":6,"minecraft:raw_iron_block":1,"minecraft:furnace":1,"minecraft:carrots":7,"minecraft:iron_ore":99,"minecraft:andesite":96,"minecraft:pumpkin":15,"evilcraft:dark_ore":2,"minecraft:azure_bluet":1,"dynamictrees:oak_branch":4,"chococraft:gysahl_green":17,"minecraft:pointed_dripstone":6,"minecraft:dirt_path":1,"minecraft:deepslate_iron_ore":53,"minecraft:stone":696,"minecraft:player_head":1,"vampirism:cursed_earth":3,"chisel:tiles_small/stone":1,"minecraft:kelp_plant":1,"minecraft:dandelion":2,"minecraft:powder_snow":1,"vampirism:cursed_grass":1,"minecraft:crafting_table":7,"minecraft:cornflower":1,"minecraft:sculk_sensor":2,"minecraft:copper_ore":8,"minecraft:tall_grass":12,"minecraft:cobblestone":4,"minecraft:deepslate_coal_ore":7,"minecraft:deepslate_gold_ore":5,"chisel:prism/stone":9,"minecraft:lapis_ore":1,"minecraft:sculk":13,"minecraft:diorite":20,"mca:cross_headstone":1,"minecraft:air":13,"minecraft:seagrass":1,"minecraft:coarse_dirt":1,"evilcraft:dark_ore_deepslate":4,"minecraft:birch_log":34,"minecraft:birch_leaves":1,"minecraft:grass":253,"minecraft:oak_log":98,"chisel:slant/stone":3,"minecraft:coal_ore":33,"minecraft:gravel":21,"minecraft:dripstone_block":2,"minecraft:dirt":3420,"minecraft:gold_ore":4,"minecraft:oak_leaves":5,"minecraft:deepslate":158},"minecraft:killed":{"vampirism:vampire":5,"minecraft:cave_spider":1,"mca:male_zombie_villager":1,"vampirism:advanced_vampire":1,"minecraft:spider":22,"minecraft:skeleton":10,"duckling:duck":1,"minecraft:creeper":3,"vampirism:hunter":2,"minecraft:zombie":19,"evilcraft:poisonous_libelle":1,"mca:female_villager":1,"minecraft:cow":3},"minecraft:dropped":{"minecraft:wheat_seeds":9,"minecraft:oak_log":4,"minecraft:cooked_porkchop":1,"chococraft:gysahl_green_seeds":1,"minecraft:dirt":1,"tombstone:grave_dust":7,"minecraft:iron_axe":1,"minecraft:iron_pickaxe":2,"minecraft:iron_shovel":2,"minecraft:bone":9,"minecraft:gravel":2,"duckling:raw_duck":1,"minecraft:furnace":1,"minecraft:stone_axe":1,"minecraft:birch_sapling":6,"minecraft:stone_shovel":1,"tombstone:gift":3,"minecraft:andesite":1,"minecraft:spider_eye":1,"minecraft:stone_pickaxe":1,"minecraft:arrow":2,"chisel:prism/stone":1,"minecraft:black_wool":1},"minecraft:used":{"chisel:slant/stone":3,"minecraft:iron_shovel":5542,"minecraft:stone_shovel":1455,"minecraft:poppy":1,"minecraft:chest":6,"easy_hammers:stone_hammer":77,"dynamictrees:oak_seed":3,"minecraft:rotten_flesh":22,"minecraft:stone_hoe":19,"minecraft:dirt":930,"minecraft:carrot":49,"minecraft:birch_door":1,"minecraft:iron_axe":193,"evilcraft:flesh_humanoid":1,"minecraft:furnace":5,"minecraft:cobbled_deepslate":151,"minecraft:water_bucket":119,"minecraft:stone_pickaxe":549,"minecraft:oak_planks":1,"minecraft:wooden_pickaxe":35,"chisel:tiles_small/stone":1,"minecraft:crafting_table":12,"chisel:prism/stone":9,"minecraft:white_bed":1,"minecraft:shears":1,"chisel:triple_bricks/stone":60,"minecraft:apple":2,"minecraft:iron_pickaxe":680,"tombstone:grave_key":10,"minecraft:stone_axe":312,"minecraft:cobblestone":137,"minecraft:cooked_porkchop":1,"minecraft:bucket":120,"chococraft:gysahl_green":4,"minecraft:coarse_dirt":1,"minecraft:bone_meal":18},"minecraft:crafted":{"minecraft:oak_planks":92,"minecraft:stone_shovel":11,"minecraft:furnace":4,"easy_hammers:stone_hammer":1,"minecraft:stone":66,"minecraft:bone_meal":18,"minecraft:diamond_block":2,"minecraft:iron_boots":1,"minecraft:iron_axe":1,"minecraft:stone_pickaxe":5,"minecraft:chest":6,"minecraft:stone_hoe":1,"chisel:chisel":1,"sophisticatedbackpacks:backpack":1,"minecraft:crafting_table":6,"minecraft:spruce_planks":4,"minecraft:iron_helmet":1,"minecraft:wooden_pickaxe":1,"minecraft:bucket":1,"minecraft:stone_axe":5,"minecraft:air":0,"minecraft:iron_chestplate":1,"minecraft:stick":12,"minecraft:iron_ingot":91,"minecraft:iron_pickaxe":3,"minecraft:iron_shovel":22,"minecraft:iron_leggings":1,"minecraft:gold_ingot":2,"minecraft:white_bed":1,"minecraft:shears":1},"minecraft:picked_up":{"chisel:tiles_small/stone":1,"minecraft:crafting_table":7,"minecraft:seagrass":11,"chococraft:loverly_gysahl_green":4,"minecraft:coarse_dirt":1,"minecraft:azure_bluet":4,"minecraft:cornflower":4,"minecraft:string":20,"minecraft:raw_copper":30,"minecraft:iron_axe":1,"evilcraft:poison_sac":1,"minecraft:iron_shovel":2,"mca:engagement_ring":1,"minecraft:cobbled_deepslate":713,"minecraft:beef":7,"minecraft:player_head":1,"dynamictrees:oak_seed":3,"minecraft:poppy":6,"minecraft:iron_pickaxe":1,"minecraft:birch_sapling":8,"minecraft:furnace":2,"duckling:raw_duck":1,"minecraft:egg":1,"mca:wedding_ring":1,"minecraft:stick":51,"minecraft:raw_iron":149,"minecraft:torch":1,"minecraft:pointed_dripstone":15,"minecraft:diorite":37,"tombstone:grave_dust":11,"vampirism:vampire_fang":1,"minecraft:carrot":36,"minecraft:redstone":36,"minecraft:arrow":13,"minecraft:rotten_flesh":27,"minecraft:stone_shovel":1,"evilcraft:condensed_blood":10,"minecraft:white_wool":17,"minecraft:cobblestone":902,"minecraft:oxeye_daisy":4,"minecraft:birch_log":33,"minecraft:feather":1,"minecraft:andesite":102,"minecraft:leather":5,"minecraft:potato":1,"paraglider:spirit_orb":2,"minecraft:tuff":38,"minecraft:oak_log":112,"minecraft:gunpowder":4,"minecraft:dirt":7180,"tombstone:gift":1,"minecraft:bone":18,"chococraft:gysahl_green":47,"minecraft:apple":5,"chococraft:gold_gysahl":1,"minecraft:kelp":12,"minecraft:wheat_seeds":185,"minecraft:raw_gold":9,"minecraft:stone_pickaxe":1,"minecraft:oak_planks":2,"duckling:duck_egg":8,"minecraft:cooked_porkchop":2,"minecraft:pumpkin":15,"minecraft:dandelion":44,"minecraft:raw_iron_block":1,"minecraft:dripstone_block":2,"minecraft:gravel":12,"chisel:prism/stone":10,"chococraft:gysahl_green_seeds":18,"minecraft:white_bed":1,"minecraft:spruce_log":42,"minecraft:spider_eye":6,"chisel:slant/stone":3,"minecraft:diamond":23,"minecraft:stone_axe":1,"evilcraft:dark_gem":24,"minecraft:granite":41,"alexsmobs:maggot":2,"tombstone:magic_scroll":1,"minecraft:oak_sapling":41,"minecraft:black_wool":1,"minecraft:coal":40,"iceandfire:raw_silver":12},"minecraft:broken":{"minecraft:iron_shovel":22,"easy_hammers:stone_hammer":1,"minecraft:stone_pickaxe":4,"minecraft:iron_axe":1,"minecraft:stone_axe":4,"minecraft:iron_pickaxe":2,"minecraft:iron_helmet":1,"minecraft:stone_shovel":10},"minecraft:custom":{"minecraft:mob_kills":72,"minecraft:interact_with_crafting_table":61,"minecraft:damage_dealt_resisted":124,"minecraft:leave_game":28,"minecraft:time_since_death":18409,"minecraft:damage_resisted":9,"vampirism:amount_bitten":54,"minecraft:sprint_one_cm":611791,"minecraft:walk_one_cm":1899331,"minecraft:drop":36,"vampirism:skills_unlocked":11,"minecraft:talked_to_villager":1,"minecraft:play_time":562141,"minecraft:sneak_time":10333,"minecraft:deaths":17,"minecraft:walk_under_water_one_cm":105109,"minecraft:jump":5247,"minecraft:walk_on_water_one_cm":102912,"minecraft:total_world_time":562141,"vampirism:blood_drunk":2900,"minecraft:interact_with_furnace":52,"minecraft:sleep_in_bed":3,"minecraft:time_since_rest":18182,"vampirism:resurrected":1,"minecraft:damage_taken":576715,"minecraft:damage_dealt":16356,"minecraft:player_kills":4,"minecraft:swim_one_cm":90110,"minecraft:fly_one_cm":837744,"minecraft:open_chest":74,"minecraft:crouch_one_cm":37473,"tombstone:undead_killed":30,"tombstone:villager_killed":1,"minecraft:fall_one_cm":90754},"minecraft:killed_by":{"minecraft:player":3,"minecraft:spider":2,"minecraft:warden":5,"minecraft:cave_spider":1,"minecraft:skeleton":1,"minecraft:zombie":2}},"DataVersion":3465}