{"stats":{"minecraft:picked_up":{"minecraft:arrow":1,"minecraft:rotten_flesh":2,"minecraft:apple":2,"minecraft:wheat_seeds":3,"minecraft:oak_log":10,"minecraft:poppy":1,"minecraft:oak_sapling":3,"minecraft:dirt":6,"minecraft:cobblestone":33},"minecraft:killed_by":{"minecraft:player":1},"minecraft:killed":{"minecraft:spider":1,"minecraft:zombie":1},"minecraft:custom":{"minecraft:time_since_rest":33034,"minecraft:damage_taken":280,"minecraft:play_time":38548,"minecraft:walk_one_cm":41259,"minecraft:crouch_one_cm":976,"minecraft:sprint_one_cm":14253,"tombstone:undead_killed":1,"minecraft:deaths":1,"minecraft:walk_under_water_one_cm":1214,"minecraft:sneak_time":245,"minecraft:mob_kills":2,"minecraft:jump":159,"minecraft:walk_on_water_one_cm":723,"minecraft:damage_dealt":254,"minecraft:leave_game":4,"minecraft:time_since_death":33262,"minecraft:total_world_time":38548,"minecraft:interact_with_crafting_table":4,"minecraft:fall_one_cm":2508,"minecraft:fly_one_cm":17963},"minecraft:crafted":{"minecraft:oak_planks":24,"minecraft:stone_axe":1,"minecraft:crafting_table":1,"minecraft:stick":4,"minecraft:wooden_pickaxe":1},"minecraft:mined":{"minecraft:grass":22,"minecraft:grass_block":3,"minecraft:oak_log":10,"minecraft:dirt":3,"minecraft:stone":35,"minecraft:oak_leaves":2},"minecraft:used":{"minecraft:stone_axe":8,"minecraft:dirt":4,"minecraft:crafting_table":1,"minecraft:wooden_pickaxe":35}},"DataVersion":3465}