{"stats":{"minecraft:crafted":{"minecraft:oak_planks":24,"minecraft:crafting_table":3,"minecraft:wooden_pickaxe":1,"minecraft:iron_helmet":1,"minecraft:furnace":1,"easy_hammers:stone_hammer":1,"minecraft:stone_axe":2,"minecraft:air":0,"minecraft:iron_boots":1,"minecraft:iron_chestplate":1,"minecraft:stick":12,"minecraft:iron_ingot":38,"minecraft:stone_pickaxe":1,"minecraft:iron_leggings":1,"minecraft:white_bed":1,"minecraft:shears":1},"minecraft:dropped":{"minecraft:wheat_seeds":3,"minecraft:oak_log":4,"tombstone:gift":2,"chococraft:gysahl_green_seeds":1,"tombstone:grave_dust":1,"minecraft:arrow":2,"minecraft:black_wool":1,"minecraft:bone":2},"minecraft:mined":{"minecraft:white_bed":1,"iceandfire:silver_ore":4,"farmersdelight:wild_carrots":10,"minecraft:crafting_table":4,"minecraft:granite":3,"minecraft:grass_block":13,"minecraft:tall_grass":11,"minecraft:lapis_ore":1,"minecraft:deepslate_gold_ore":5,"minecraft:diorite":11,"minecraft:spawner":1,"minecraft:air":13,"minecraft:furnace":1,"evilcraft:dark_ore_deepslate":3,"minecraft:birch_log":5,"minecraft:iron_ore":65,"minecraft:andesite":23,"minecraft:birch_leaves":1,"evilcraft:dark_ore":2,"chococraft:gysahl_green":17,"minecraft:grass":59,"dynamictrees:oak_branch":4,"minecraft:oak_log":20,"minecraft:deepslate_iron_ore":27,"minecraft:gravel":6,"minecraft:dirt":17,"minecraft:stone":184,"minecraft:gold_ore":4,"minecraft:oak_leaves":2,"minecraft:deepslate":70},"minecraft:used":{"minecraft:stone_pickaxe":126,"minecraft:oak_planks":1,"minecraft:poppy":1,"minecraft:wooden_pickaxe":35,"easy_hammers:stone_hammer":77,"dynamictrees:oak_seed":1,"minecraft:rotten_flesh":20,"minecraft:dirt":31,"minecraft:crafting_table":6,"minecraft:carrot":2,"minecraft:white_bed":1,"minecraft:birch_door":1,"minecraft:apple":2,"minecraft:iron_pickaxe":225,"tombstone:grave_key":2,"evilcraft:flesh_humanoid":1,"minecraft:stone_axe":119,"minecraft:cobblestone":48,"minecraft:furnace":1,"chococraft:gysahl_green":4},"minecraft:broken":{"minecraft:stone_pickaxe":1,"minecraft:stone_axe":2,"easy_hammers:stone_hammer":1},"minecraft:killed":{"vampirism:vampire":1,"minecraft:cave_spider":1,"vampirism:advanced_vampire":1,"minecraft:spider":5,"minecraft:creeper":1,"minecraft:skeleton":4,"evilcraft:poisonous_libelle":1,"minecraft:zombie":8,"minecraft:cow":2},"minecraft:killed_by":{"minecraft:player":1,"minecraft:cave_spider":1,"minecraft:skeleton":1,"minecraft:zombie":1},"minecraft:custom":{"minecraft:interact_with_furnace":11,"minecraft:mob_kills":24,"minecraft:interact_with_crafting_table":14,"minecraft:damage_dealt_resisted":124,"minecraft:leave_game":10,"minecraft:time_since_death":41726,"minecraft:sleep_in_bed":1,"minecraft:time_since_rest":41073,"minecraft:sprint_one_cm":86308,"minecraft:damage_taken":1465,"minecraft:walk_one_cm":545691,"minecraft:drop":11,"minecraft:damage_dealt":4657,"minecraft:fly_one_cm":144369,"minecraft:player_kills":1,"minecraft:open_chest":3,"minecraft:crouch_one_cm":4109,"minecraft:play_time":167468,"tombstone:undead_killed":12,"minecraft:deaths":4,"minecraft:sneak_time":1489,"minecraft:walk_under_water_one_cm":26352,"minecraft:jump":1467,"minecraft:walk_on_water_one_cm":35730,"minecraft:total_world_time":167468,"minecraft:fall_one_cm":21574},"minecraft:picked_up":{"minecraft:birch_log":5,"chococraft:loverly_gysahl_green":4,"minecraft:crafting_table":4,"minecraft:leather":2,"paraglider:spirit_orb":2,"minecraft:oak_log":35,"minecraft:gunpowder":2,"minecraft:string":4,"minecraft:dirt":47,"tombstone:gift":1,"evilcraft:poison_sac":1,"minecraft:bone":6,"chococraft:gysahl_green":47,"minecraft:apple":2,"chococraft:gold_gysahl":1,"minecraft:wheat_seeds":13,"minecraft:cobbled_deepslate":64,"minecraft:raw_gold":9,"minecraft:beef":5,"dynamictrees:oak_seed":3,"minecraft:poppy":1,"minecraft:birch_sapling":2,"minecraft:oak_planks":1,"duckling:duck_egg":6,"minecraft:egg":1,"minecraft:furnace":1,"minecraft:stick":13,"minecraft:raw_iron":90,"chococraft:gysahl_green_seeds":18,"tombstone:grave_dust":1,"minecraft:white_bed":1,"minecraft:carrot":10,"minecraft:spider_eye":3,"minecraft:arrow":5,"minecraft:rotten_flesh":14,"evilcraft:dark_gem":24,"minecraft:granite":4,"minecraft:oak_sapling":3,"iceandfire:raw_silver":4,"minecraft:black_wool":1,"minecraft:white_wool":11,"minecraft:cobblestone":214}},"DataVersion":3465}