{"stats":{"minecraft:crafted":{"minecraft:oak_planks":24,"sophisticatedbackpacks:backpack":1,"minecraft:crafting_table":3,"minecraft:iron_helmet":1,"minecraft:wooden_pickaxe":1,"minecraft:furnace":1,"easy_hammers:stone_hammer":1,"minecraft:bucket":1,"minecraft:bone_meal":18,"minecraft:stone_axe":3,"minecraft:air":0,"minecraft:iron_boots":1,"minecraft:iron_chestplate":1,"minecraft:stick":12,"minecraft:iron_ingot":90,"minecraft:iron_pickaxe":1,"minecraft:stone_pickaxe":3,"minecraft:iron_leggings":1,"minecraft:white_bed":1,"minecraft:stone_hoe":1,"minecraft:shears":1},"minecraft:mined":{"minecraft:tuff":8,"minecraft:white_bed":1,"iceandfire:silver_ore":4,"minecraft:deepslate_diamond_ore":1,"minecraft:kelp_plant":1,"farmersdelight:wild_carrots":10,"minecraft:crafting_table":4,"minecraft:granite":13,"minecraft:grass_block":16,"minecraft:tall_grass":12,"minecraft:deepslate_gold_ore":5,"minecraft:lapis_ore":1,"minecraft:kelp":1,"minecraft:diorite":18,"minecraft:spawner":1,"minecraft:air":13,"minecraft:seagrass":1,"minecraft:tall_seagrass":6,"minecraft:raw_iron_block":1,"minecraft:furnace":1,"minecraft:carrots":7,"evilcraft:dark_ore_deepslate":4,"minecraft:birch_log":5,"minecraft:iron_ore":65,"minecraft:birch_leaves":1,"minecraft:andesite":30,"minecraft:pumpkin":7,"evilcraft:dark_ore":2,"minecraft:grass":84,"chococraft:gysahl_green":17,"dynamictrees:oak_branch":4,"minecraft:oak_log":20,"minecraft:deepslate_iron_ore":27,"minecraft:gravel":9,"minecraft:dirt":21,"minecraft:stone":262,"minecraft:gold_ore":4,"minecraft:oak_leaves":2,"minecraft:deepslate":155},"minecraft:dropped":{"minecraft:furnace":1,"minecraft:wheat_seeds":9,"minecraft:oak_log":4,"tombstone:gift":2,"chococraft:gysahl_green_seeds":1,"tombstone:grave_dust":7,"minecraft:spider_eye":1,"minecraft:arrow":2,"minecraft:black_wool":1,"minecraft:bone":8},"minecraft:used":{"minecraft:water_bucket":1,"minecraft:stone_pickaxe":258,"minecraft:poppy":1,"minecraft:oak_planks":1,"minecraft:wooden_pickaxe":35,"easy_hammers:stone_hammer":77,"dynamictrees:oak_seed":3,"minecraft:stone_hoe":19,"minecraft:rotten_flesh":22,"minecraft:dirt":35,"minecraft:crafting_table":6,"minecraft:white_bed":1,"minecraft:carrot":35,"minecraft:shears":1,"minecraft:birch_door":1,"minecraft:apple":2,"minecraft:iron_pickaxe":292,"tombstone:grave_key":4,"evilcraft:flesh_humanoid":1,"minecraft:stone_axe":168,"minecraft:cobblestone":54,"minecraft:furnace":2,"minecraft:bucket":1,"chococraft:gysahl_green":4,"minecraft:bone_meal":18,"minecraft:cobbled_deepslate":83},"minecraft:broken":{"minecraft:stone_pickaxe":2,"minecraft:stone_axe":2,"minecraft:iron_pickaxe":1,"easy_hammers:stone_hammer":1},"minecraft:killed":{"vampirism:vampire":3,"minecraft:cave_spider":1,"vampirism:advanced_vampire":1,"minecraft:spider":5,"minecraft:creeper":1,"minecraft:skeleton":6,"minecraft:zombie":9,"evilcraft:poisonous_libelle":1,"minecraft:cow":3},"minecraft:killed_by":{"minecraft:player":1,"minecraft:cave_spider":1,"minecraft:skeleton":1,"minecraft:zombie":2},"minecraft:custom":{"minecraft:interact_with_furnace":28,"minecraft:mob_kills":30,"minecraft:interact_with_crafting_table":26,"minecraft:damage_dealt_resisted":124,"minecraft:leave_game":11,"minecraft:time_since_death":28020,"minecraft:sleep_in_bed":2,"minecraft:time_since_rest":27991,"minecraft:sprint_one_cm":152382,"minecraft:damage_taken":2056,"minecraft:walk_one_cm":664841,"minecraft:drop":19,"minecraft:damage_dealt":6560,"minecraft:player_kills":2,"minecraft:swim_one_cm":2765,"minecraft:fly_one_cm":278201,"minecraft:open_chest":19,"minecraft:play_time":229301,"minecraft:crouch_one_cm":4789,"minecraft:sneak_time":1806,"tombstone:undead_killed":15,"minecraft:deaths":7,"minecraft:walk_under_water_one_cm":46116,"minecraft:jump":2178,"minecraft:walk_on_water_one_cm":42166,"minecraft:total_world_time":229301,"minecraft:fall_one_cm":40663},"minecraft:picked_up":{"minecraft:birch_log":5,"minecraft:seagrass":11,"minecraft:crafting_table":4,"chococraft:loverly_gysahl_green":4,"minecraft:andesite":7,"minecraft:leather":4,"paraglider:spirit_orb":2,"minecraft:tuff":8,"minecraft:oak_log":35,"minecraft:gunpowder":2,"minecraft:string":4,"minecraft:dirt":54,"tombstone:gift":1,"evilcraft:poison_sac":1,"minecraft:bone":14,"chococraft:gysahl_green":47,"minecraft:apple":2,"chococraft:gold_gysahl":1,"minecraft:kelp":12,"minecraft:wheat_seeds":17,"minecraft:cobbled_deepslate":510,"minecraft:raw_gold":9,"minecraft:beef":7,"dynamictrees:oak_seed":3,"minecraft:poppy":1,"minecraft:birch_sapling":2,"minecraft:oak_planks":2,"duckling:duck_egg":6,"minecraft:furnace":2,"minecraft:egg":1,"minecraft:stick":13,"minecraft:raw_iron":90,"minecraft:pumpkin":7,"minecraft:raw_iron_block":1,"minecraft:gravel":3,"chococraft:gysahl_green_seeds":18,"vampirism:vampire_fang":1,"tombstone:grave_dust":7,"minecraft:diorite":7,"minecraft:white_bed":1,"minecraft:carrot":35,"minecraft:spider_eye":3,"minecraft:arrow":8,"minecraft:rotten_flesh":16,"minecraft:diamond":1,"evilcraft:dark_gem":24,"minecraft:granite":14,"minecraft:oak_sapling":3,"minecraft:black_wool":1,"iceandfire:raw_silver":4,"minecraft:white_wool":13,"minecraft:cobblestone":293}},"DataVersion":3465}