{"stats":{"minecraft:crafted":{"minecraft:oak_planks":24,"minecraft:furnace":1,"easy_hammers:stone_hammer":1,"minecraft:bone_meal":18,"minecraft:iron_boots":1,"minecraft:stone_pickaxe":3,"minecraft:stone_hoe":1,"sophisticatedbackpacks:backpack":1,"minecraft:crafting_table":3,"minecraft:wooden_pickaxe":1,"minecraft:iron_helmet":1,"minecraft:bucket":1,"minecraft:stone_axe":3,"minecraft:air":0,"minecraft:iron_chestplate":1,"minecraft:stick":12,"minecraft:iron_pickaxe":1,"minecraft:iron_ingot":90,"minecraft:iron_leggings":1,"minecraft:white_bed":1,"minecraft:shears":1},"minecraft:dropped":{"minecraft:wheat_seeds":9,"minecraft:oak_log":4,"chococraft:gysahl_green_seeds":1,"tombstone:grave_dust":7,"minecraft:bone":8,"minecraft:furnace":1,"tombstone:gift":2,"minecraft:spider_eye":1,"minecraft:arrow":2,"minecraft:black_wool":1},"minecraft:mined":{"minecraft:tuff":8,"minecraft:white_bed":1,"iceandfire:silver_ore":4,"minecraft:deepslate_diamond_ore":1,"farmersdelight:wild_carrots":10,"minecraft:granite":13,"minecraft:grass_block":16,"minecraft:kelp":1,"minecraft:spawner":1,"minecraft:tall_seagrass":6,"minecraft:raw_iron_block":1,"minecraft:furnace":1,"minecraft:carrots":7,"minecraft:iron_ore":65,"minecraft:andesite":30,"minecraft:pumpkin":7,"evilcraft:dark_ore":2,"dynamictrees:oak_branch":4,"chococraft:gysahl_green":17,"minecraft:deepslate_iron_ore":27,"minecraft:stone":262,"minecraft:kelp_plant":1,"minecraft:crafting_table":4,"minecraft:tall_grass":12,"minecraft:lapis_ore":1,"minecraft:deepslate_gold_ore":5,"minecraft:diorite":18,"minecraft:air":13,"minecraft:seagrass":1,"evilcraft:dark_ore_deepslate":4,"minecraft:birch_log":5,"minecraft:birch_leaves":1,"minecraft:grass":84,"minecraft:oak_log":20,"minecraft:gravel":9,"minecraft:dirt":21,"minecraft:gold_ore":4,"minecraft:oak_leaves":2,"minecraft:deepslate":155},"minecraft:broken":{"easy_hammers:stone_hammer":1,"minecraft:stone_pickaxe":2,"minecraft:stone_axe":2,"minecraft:iron_pickaxe":1},"minecraft:used":{"minecraft:poppy":1,"easy_hammers:stone_hammer":77,"dynamictrees:oak_seed":3,"minecraft:stone_hoe":19,"minecraft:rotten_flesh":22,"minecraft:dirt":35,"minecraft:carrot":38,"minecraft:birch_door":1,"evilcraft:flesh_humanoid":1,"minecraft:furnace":2,"minecraft:cobbled_deepslate":83,"minecraft:water_bucket":1,"minecraft:stone_pickaxe":258,"minecraft:oak_planks":1,"minecraft:wooden_pickaxe":35,"minecraft:crafting_table":6,"minecraft:white_bed":1,"minecraft:shears":1,"minecraft:apple":2,"minecraft:iron_pickaxe":292,"tombstone:grave_key":4,"minecraft:stone_axe":168,"minecraft:cobblestone":54,"minecraft:bucket":1,"chococraft:gysahl_green":4,"minecraft:bone_meal":18},"minecraft:killed":{"vampirism:vampire":3,"minecraft:cave_spider":1,"vampirism:advanced_vampire":1,"minecraft:spider":5,"minecraft:skeleton":6,"minecraft:creeper":1,"evilcraft:poisonous_libelle":1,"minecraft:zombie":9,"minecraft:cow":3},"minecraft:killed_by":{"minecraft:player":1,"minecraft:cave_spider":1,"minecraft:skeleton":1,"minecraft:zombie":2},"minecraft:custom":{"minecraft:mob_kills":30,"minecraft:interact_with_crafting_table":28,"minecraft:damage_dealt_resisted":124,"minecraft:leave_game":12,"minecraft:time_since_death":35230,"minecraft:sprint_one_cm":155214,"minecraft:walk_one_cm":669545,"minecraft:drop":19,"minecraft:play_time":236511,"minecraft:deaths":7,"minecraft:sneak_time":1833,"minecraft:walk_under_water_one_cm":46116,"minecraft:jump":2198,"minecraft:walk_on_water_one_cm":42166,"minecraft:total_world_time":236511,"minecraft:interact_with_furnace":28,"minecraft:sleep_in_bed":3,"minecraft:time_since_rest":543,"minecraft:damage_taken":2056,"minecraft:damage_dealt":6560,"minecraft:swim_one_cm":2765,"minecraft:fly_one_cm":284629,"minecraft:player_kills":2,"minecraft:open_chest":21,"minecraft:crouch_one_cm":4911,"tombstone:undead_killed":15,"minecraft:fall_one_cm":41708},"minecraft:picked_up":{"minecraft:seagrass":11,"chococraft:loverly_gysahl_green":4,"minecraft:crafting_table":4,"minecraft:string":4,"evilcraft:poison_sac":1,"minecraft:cobbled_deepslate":510,"minecraft:beef":7,"minecraft:poppy":1,"dynamictrees:oak_seed":3,"minecraft:birch_sapling":2,"minecraft:egg":1,"minecraft:furnace":2,"minecraft:raw_iron":90,"minecraft:stick":13,"minecraft:torch":1,"minecraft:diorite":7,"tombstone:grave_dust":7,"vampirism:vampire_fang":1,"minecraft:carrot":35,"minecraft:arrow":8,"minecraft:rotten_flesh":16,"minecraft:white_wool":13,"minecraft:cobblestone":293,"minecraft:birch_log":5,"minecraft:andesite":7,"minecraft:leather":4,"paraglider:spirit_orb":2,"minecraft:tuff":8,"minecraft:oak_log":35,"minecraft:gunpowder":2,"minecraft:dirt":54,"tombstone:gift":1,"minecraft:bone":14,"chococraft:gysahl_green":47,"minecraft:apple":2,"chococraft:gold_gysahl":1,"minecraft:kelp":12,"minecraft:wheat_seeds":17,"minecraft:raw_gold":9,"minecraft:oak_planks":2,"duckling:duck_egg":6,"minecraft:pumpkin":7,"minecraft:gravel":3,"minecraft:raw_iron_block":1,"chococraft:gysahl_green_seeds":18,"minecraft:white_bed":1,"minecraft:spider_eye":3,"minecraft:diamond":1,"evilcraft:dark_gem":24,"minecraft:granite":14,"minecraft:oak_sapling":3,"minecraft:black_wool":1,"iceandfire:raw_silver":4}},"DataVersion":3465}