{"stats":{"minecraft:killed_by":{"minecraft:player":1,"minecraft:spider":1,"minecraft:warden":5,"minecraft:cave_spider":1,"minecraft:skeleton":1,"minecraft:zombie":2},"minecraft:custom":{"minecraft:mob_kills":59,"minecraft:interact_with_crafting_table":43,"minecraft:damage_dealt_resisted":124,"minecraft:leave_game":15,"minecraft:time_since_death":37636,"minecraft:damage_resisted":9,"minecraft:sprint_one_cm":437813,"vampirism:amount_bitten":36,"minecraft:walk_one_cm":1401874,"minecraft:drop":26,"vampirism:skills_unlocked":8,"minecraft:play_time":405661,"minecraft:sneak_time":5142,"minecraft:deaths":14,"minecraft:walk_under_water_one_cm":49219,"minecraft:jump":3846,"minecraft:walk_on_water_one_cm":73607,"minecraft:total_world_time":405661,"vampirism:blood_drunk":2400,"minecraft:interact_with_furnace":28,"minecraft:sleep_in_bed":3,"minecraft:time_since_rest":37375,"minecraft:damage_taken":482402,"minecraft:damage_dealt":14195,"minecraft:player_kills":4,"minecraft:swim_one_cm":18315,"minecraft:fly_one_cm":608848,"minecraft:open_chest":47,"minecraft:crouch_one_cm":16580,"tombstone:undead_killed":26,"minecraft:fall_one_cm":71863},"minecraft:used":{"minecraft:iron_shovel":5037,"minecraft:stone_shovel":547,"minecraft:poppy":1,"minecraft:chest":6,"easy_hammers:stone_hammer":77,"dynamictrees:oak_seed":3,"minecraft:stone_hoe":19,"minecraft:rotten_flesh":22,"minecraft:dirt":404,"minecraft:carrot":49,"minecraft:birch_door":1,"minecraft:iron_axe":193,"evilcraft:flesh_humanoid":1,"minecraft:furnace":2,"minecraft:cobbled_deepslate":151,"minecraft:water_bucket":107,"minecraft:stone_pickaxe":388,"minecraft:oak_planks":1,"minecraft:wooden_pickaxe":35,"minecraft:crafting_table":9,"minecraft:white_bed":1,"minecraft:shears":1,"minecraft:apple":2,"minecraft:iron_pickaxe":578,"tombstone:grave_key":8,"minecraft:stone_axe":257,"minecraft:cobblestone":112,"minecraft:bucket":108,"chococraft:gysahl_green":4,"minecraft:bone_meal":18},"minecraft:broken":{"minecraft:iron_shovel":20,"easy_hammers:stone_hammer":1,"minecraft:stone_pickaxe":3,"minecraft:iron_axe":1,"minecraft:stone_axe":4,"minecraft:iron_pickaxe":1,"minecraft:stone_shovel":4},"minecraft:dropped":{"minecraft:wheat_seeds":9,"minecraft:oak_log":4,"chococraft:gysahl_green_seeds":1,"minecraft:dirt":1,"tombstone:grave_dust":7,"minecraft:iron_axe":1,"minecraft:iron_pickaxe":1,"minecraft:iron_shovel":1,"minecraft:bone":8,"minecraft:gravel":2,"minecraft:furnace":1,"minecraft:birch_sapling":6,"tombstone:gift":3,"minecraft:spider_eye":1,"minecraft:arrow":2,"minecraft:black_wool":1},"minecraft:picked_up":{"minecraft:seagrass":11,"chococraft:loverly_gysahl_green":4,"minecraft:crafting_table":5,"minecraft:azure_bluet":2,"minecraft:cornflower":1,"minecraft:string":16,"minecraft:iron_axe":1,"minecraft:raw_copper":26,"evilcraft:poison_sac":1,"minecraft:iron_shovel":1,"minecraft:cobbled_deepslate":701,"minecraft:beef":7,"minecraft:player_head":1,"minecraft:poppy":5,"dynamictrees:oak_seed":3,"minecraft:birch_sapling":8,"minecraft:furnace":2,"minecraft:egg":1,"duckling:raw_duck":1,"minecraft:stick":44,"minecraft:raw_iron":90,"minecraft:torch":1,"minecraft:diorite":37,"tombstone:grave_dust":11,"vampirism:vampire_fang":1,"minecraft:carrot":36,"minecraft:redstone":36,"minecraft:arrow":12,"minecraft:rotten_flesh":25,"minecraft:white_wool":17,"minecraft:cobblestone":789,"minecraft:oxeye_daisy":3,"minecraft:birch_log":33,"minecraft:feather":1,"minecraft:andesite":101,"minecraft:leather":4,"minecraft:potato":1,"paraglider:spirit_orb":2,"minecraft:tuff":37,"minecraft:oak_log":112,"minecraft:gunpowder":4,"minecraft:dirt":5759,"tombstone:gift":1,"minecraft:bone":16,"chococraft:gysahl_green":47,"minecraft:apple":5,"chococraft:gold_gysahl":1,"minecraft:kelp":12,"minecraft:wheat_seeds":167,"minecraft:raw_gold":9,"minecraft:oak_planks":2,"duckling:duck_egg":8,"minecraft:pumpkin":15,"minecraft:dandelion":29,"minecraft:raw_iron_block":1,"minecraft:gravel":6,"chococraft:gysahl_green_seeds":18,"minecraft:white_bed":1,"minecraft:spider_eye":5,"minecraft:diamond":1,"evilcraft:dark_gem":24,"minecraft:granite":41,"minecraft:oak_sapling":41,"minecraft:black_wool":1,"minecraft:coal":22,"iceandfire:raw_silver":4},"minecraft:crafted":{"minecraft:oak_planks":92,"minecraft:stone_shovel":4,"minecraft:furnace":1,"easy_hammers:stone_hammer":1,"minecraft:bone_meal":18,"minecraft:iron_boots":1,"minecraft:iron_axe":1,"minecraft:stone_pickaxe":3,"minecraft:chest":6,"minecraft:stone_hoe":1,"sophisticatedbackpacks:backpack":1,"minecraft:crafting_table":5,"minecraft:wooden_pickaxe":1,"minecraft:iron_helmet":1,"minecraft:bucket":1,"minecraft:stone_axe":4,"minecraft:air":0,"minecraft:iron_chestplate":1,"minecraft:stick":12,"minecraft:iron_ingot":90,"minecraft:iron_pickaxe":3,"minecraft:iron_shovel":20,"minecraft:iron_leggings":1,"minecraft:white_bed":1,"minecraft:shears":1},"minecraft:mined":{"minecraft:tuff":8,"minecraft:white_bed":1,"iceandfire:silver_ore":4,"minecraft:deepslate_diamond_ore":1,"farmersdelight:wild_carrots":10,"minecraft:granite":24,"minecraft:grass_block":3113,"minecraft:kelp":1,"minecraft:spawner":1,"minecraft:tall_seagrass":6,"minecraft:raw_iron_block":1,"minecraft:furnace":1,"minecraft:carrots":7,"minecraft:iron_ore":65,"minecraft:andesite":67,"minecraft:pumpkin":15,"evilcraft:dark_ore":2,"minecraft:azure_bluet":1,"chococraft:gysahl_green":17,"dynamictrees:oak_branch":4,"minecraft:deepslate_iron_ore":27,"minecraft:dirt_path":1,"minecraft:stone":591,"minecraft:player_head":1,"vampirism:cursed_earth":3,"minecraft:kelp_plant":1,"minecraft:dandelion":2,"minecraft:powder_snow":1,"vampirism:cursed_grass":1,"minecraft:crafting_table":5,"minecraft:sculk_sensor":2,"minecraft:tall_grass":12,"minecraft:copper_ore":7,"minecraft:lapis_ore":1,"minecraft:deepslate_gold_ore":5,"minecraft:sculk":13,"minecraft:diorite":20,"minecraft:air":13,"minecraft:seagrass":1,"evilcraft:dark_ore_deepslate":4,"minecraft:birch_log":34,"minecraft:birch_leaves":1,"minecraft:grass":247,"minecraft:oak_log":98,"minecraft:coal_ore":22,"minecraft:gravel":15,"minecraft:dirt":2592,"minecraft:gold_ore":4,"minecraft:oak_leaves":5,"minecraft:deepslate":155},"minecraft:killed":{"vampirism:vampire":5,"minecraft:cave_spider":1,"mca:male_zombie_villager":1,"vampirism:advanced_vampire":1,"minecraft:spider":17,"minecraft:skeleton":8,"duckling:duck":1,"minecraft:creeper":3,"minecraft:zombie":17,"evilcraft:poisonous_libelle":1,"minecraft:cow":3}},"DataVersion":3465}