{"stats":{"minecraft:crafted":{"minecraft:oak_planks":32,"minecraft:stone_shovel":4,"minecraft:furnace":1,"easy_hammers:stone_hammer":1,"minecraft:bone_meal":18,"minecraft:iron_boots":1,"minecraft:iron_axe":1,"minecraft:stone_pickaxe":3,"minecraft:stone_hoe":1,"sophisticatedbackpacks:backpack":1,"minecraft:crafting_table":4,"minecraft:wooden_pickaxe":1,"minecraft:iron_helmet":1,"minecraft:bucket":1,"minecraft:stone_axe":4,"minecraft:air":0,"minecraft:iron_chestplate":1,"minecraft:stick":12,"minecraft:iron_pickaxe":1,"minecraft:iron_ingot":90,"minecraft:iron_shovel":4,"minecraft:iron_leggings":1,"minecraft:white_bed":1,"minecraft:shears":1},"minecraft:dropped":{"minecraft:wheat_seeds":9,"minecraft:oak_log":4,"chococraft:gysahl_green_seeds":1,"tombstone:grave_dust":7,"minecraft:bone":8,"minecraft:furnace":1,"tombstone:gift":2,"minecraft:spider_eye":1,"minecraft:arrow":2,"minecraft:black_wool":1},"minecraft:mined":{"minecraft:tuff":8,"minecraft:white_bed":1,"iceandfire:silver_ore":4,"minecraft:deepslate_diamond_ore":1,"farmersdelight:wild_carrots":10,"minecraft:granite":13,"minecraft:grass_block":961,"minecraft:kelp":1,"minecraft:spawner":1,"minecraft:tall_seagrass":6,"minecraft:raw_iron_block":1,"minecraft:furnace":1,"minecraft:carrots":7,"minecraft:iron_ore":65,"minecraft:andesite":30,"minecraft:pumpkin":15,"evilcraft:dark_ore":2,"minecraft:azure_bluet":1,"dynamictrees:oak_branch":4,"chococraft:gysahl_green":17,"minecraft:dirt_path":1,"minecraft:deepslate_iron_ore":27,"minecraft:stone":262,"minecraft:kelp_plant":1,"minecraft:dandelion":2,"minecraft:crafting_table":5,"minecraft:tall_grass":12,"minecraft:lapis_ore":1,"minecraft:deepslate_gold_ore":5,"minecraft:diorite":18,"minecraft:air":13,"minecraft:seagrass":1,"evilcraft:dark_ore_deepslate":4,"minecraft:birch_log":5,"minecraft:birch_leaves":1,"minecraft:grass":199,"minecraft:oak_log":29,"minecraft:gravel":9,"minecraft:dirt":139,"minecraft:gold_ore":4,"minecraft:oak_leaves":2,"minecraft:deepslate":155},"minecraft:broken":{"minecraft:iron_shovel":2,"easy_hammers:stone_hammer":1,"minecraft:stone_pickaxe":2,"minecraft:stone_axe":4,"minecraft:iron_pickaxe":1,"minecraft:stone_shovel":4},"minecraft:used":{"minecraft:iron_shovel":545,"minecraft:stone_shovel":547,"minecraft:poppy":1,"easy_hammers:stone_hammer":77,"dynamictrees:oak_seed":3,"minecraft:stone_hoe":19,"minecraft:rotten_flesh":22,"minecraft:dirt":258,"minecraft:carrot":49,"minecraft:birch_door":1,"minecraft:iron_axe":7,"evilcraft:flesh_humanoid":1,"minecraft:furnace":2,"minecraft:cobbled_deepslate":83,"minecraft:water_bucket":45,"minecraft:stone_pickaxe":258,"minecraft:oak_planks":1,"minecraft:wooden_pickaxe":35,"minecraft:crafting_table":8,"minecraft:white_bed":1,"minecraft:shears":1,"minecraft:apple":2,"minecraft:iron_pickaxe":292,"tombstone:grave_key":4,"minecraft:stone_axe":257,"minecraft:cobblestone":54,"minecraft:bucket":46,"chococraft:gysahl_green":4,"minecraft:bone_meal":18},"minecraft:killed":{"vampirism:vampire":4,"minecraft:cave_spider":1,"vampirism:advanced_vampire":1,"minecraft:spider":12,"minecraft:skeleton":7,"minecraft:creeper":2,"evilcraft:poisonous_libelle":1,"minecraft:zombie":17,"minecraft:cow":3},"minecraft:killed_by":{"minecraft:player":1,"minecraft:spider":1,"minecraft:cave_spider":1,"minecraft:skeleton":1,"minecraft:zombie":2},"minecraft:custom":{"minecraft:mob_kills":48,"minecraft:interact_with_crafting_table":32,"minecraft:damage_dealt_resisted":124,"minecraft:leave_game":12,"minecraft:time_since_death":6221,"minecraft:damage_resisted":9,"vampirism:amount_bitten":2,"minecraft:sprint_one_cm":252251,"minecraft:walk_one_cm":882884,"minecraft:drop":19,"vampirism:skills_unlocked":2,"minecraft:play_time":272511,"minecraft:deaths":8,"minecraft:sneak_time":2011,"minecraft:walk_under_water_one_cm":47822,"minecraft:jump":2633,"minecraft:walk_on_water_one_cm":60445,"minecraft:total_world_time":272511,"minecraft:interact_with_furnace":28,"minecraft:sleep_in_bed":3,"minecraft:time_since_rest":6001,"minecraft:damage_taken":100998,"minecraft:damage_dealt":10727,"minecraft:swim_one_cm":2765,"minecraft:fly_one_cm":393763,"minecraft:player_kills":3,"minecraft:open_chest":24,"minecraft:crouch_one_cm":6119,"tombstone:undead_killed":24,"minecraft:fall_one_cm":48688},"minecraft:picked_up":{"minecraft:seagrass":11,"chococraft:loverly_gysahl_green":4,"minecraft:crafting_table":5,"minecraft:azure_bluet":2,"minecraft:cornflower":1,"minecraft:string":10,"evilcraft:poison_sac":1,"minecraft:cobbled_deepslate":510,"minecraft:beef":7,"minecraft:poppy":5,"dynamictrees:oak_seed":3,"minecraft:birch_sapling":2,"minecraft:egg":1,"minecraft:furnace":2,"minecraft:raw_iron":90,"minecraft:stick":14,"minecraft:torch":1,"minecraft:diorite":7,"tombstone:grave_dust":9,"vampirism:vampire_fang":1,"minecraft:carrot":36,"minecraft:arrow":11,"minecraft:rotten_flesh":25,"minecraft:white_wool":17,"minecraft:cobblestone":293,"minecraft:oxeye_daisy":3,"minecraft:birch_log":5,"minecraft:andesite":7,"minecraft:leather":4,"minecraft:potato":1,"paraglider:spirit_orb":2,"minecraft:tuff":8,"minecraft:oak_log":44,"minecraft:gunpowder":4,"minecraft:dirt":1118,"tombstone:gift":1,"minecraft:bone":16,"chococraft:gysahl_green":47,"minecraft:apple":3,"chococraft:gold_gysahl":1,"minecraft:kelp":12,"minecraft:wheat_seeds":108,"minecraft:raw_gold":9,"minecraft:oak_planks":2,"duckling:duck_egg":8,"minecraft:pumpkin":15,"minecraft:dandelion":27,"minecraft:gravel":3,"minecraft:raw_iron_block":1,"chococraft:gysahl_green_seeds":18,"minecraft:white_bed":1,"minecraft:spider_eye":4,"minecraft:diamond":1,"evilcraft:dark_gem":24,"minecraft:granite":14,"minecraft:oak_sapling":7,"minecraft:black_wool":1,"iceandfire:raw_silver":4}},"DataVersion":3465}