{"stats":{"minecraft:crafted":{"minecraft:oak_planks":24,"minecraft:iron_chestplate":1,"minecraft:iron_boots":1,"minecraft:crafting_table":3,"minecraft:stick":8,"minecraft:wooden_pickaxe":1,"minecraft:iron_ingot":38,"minecraft:iron_helmet":1,"minecraft:stone_pickaxe":1,"minecraft:iron_leggings":1,"minecraft:furnace":1,"minecraft:stone_axe":1,"minecraft:air":0},"minecraft:dropped":{"minecraft:oak_log":4},"minecraft:mined":{"minecraft:furnace":1,"minecraft:birch_log":5,"minecraft:iron_ore":13,"minecraft:birch_leaves":1,"minecraft:crafting_table":1,"minecraft:grass":40,"minecraft:grass_block":11,"minecraft:oak_log":20,"minecraft:deepslate_iron_ore":27,"minecraft:dirt":10,"minecraft:stone":52,"minecraft:oak_leaves":2,"minecraft:deepslate":2,"minecraft:spawner":1},"minecraft:used":{"minecraft:apple":2,"minecraft:stone_pickaxe":61,"minecraft:wooden_pickaxe":35,"minecraft:dirt":25,"tombstone:grave_key":1,"evilcraft:flesh_humanoid":1,"minecraft:rotten_flesh":4,"minecraft:stone_axe":51,"minecraft:crafting_table":3,"minecraft:furnace":1},"minecraft:killed":{"minecraft:cave_spider":1,"minecraft:zombie":3,"evilcraft:poisonous_libelle":1,"minecraft:spider":2},"minecraft:killed_by":{"minecraft:player":1,"minecraft:cave_spider":1,"minecraft:skeleton":1},"minecraft:picked_up":{"minecraft:birch_log":5,"minecraft:crafting_table":1,"minecraft:stick":1,"minecraft:raw_iron":38,"paraglider:spirit_orb":2,"minecraft:oak_log":20,"minecraft:spider_eye":1,"minecraft:dirt":43,"evilcraft:poison_sac":1,"minecraft:arrow":3,"minecraft:rotten_flesh":5,"minecraft:apple":2,"minecraft:wheat_seeds":5,"minecraft:cobbled_deepslate":2,"minecraft:poppy":1,"minecraft:oak_sapling":3,"minecraft:birch_sapling":2,"duckling:duck_egg":6,"minecraft:cobblestone":59,"minecraft:furnace":1},"minecraft:custom":{"minecraft:time_since_rest":43509,"minecraft:interact_with_furnace":8,"minecraft:sprint_one_cm":22343,"minecraft:damage_taken":1065,"minecraft:walk_one_cm":214901,"minecraft:mob_kills":7,"minecraft:drop":1,"minecraft:damage_dealt":1045,"minecraft:interact_with_crafting_table":7,"minecraft:fly_one_cm":36958,"minecraft:player_kills":1,"minecraft:play_time":112864,"minecraft:crouch_one_cm":1279,"tombstone:undead_killed":3,"minecraft:deaths":3,"minecraft:sneak_time":500,"minecraft:walk_under_water_one_cm":21302,"minecraft:jump":608,"minecraft:leave_game":9,"minecraft:time_since_death":44551,"minecraft:walk_on_water_one_cm":21203,"minecraft:total_world_time":112864,"minecraft:fall_one_cm":6739}},"DataVersion":3465}