{"stats":{"minecraft:mined":{"minecraft:tuff":9,"minecraft:spruce_planks":3,"minecraft:white_bed":1,"minecraft:oak_sapling":1,"iceandfire:silver_ore":13,"minecraft:deepslate_diamond_ore":1,"farmersdelight:wild_carrots":10,"minecraft:granite":30,"minecraft:grass_block":4346,"iceandfire:deepslate_silver_ore":1,"minecraft:moss_block":2,"minecraft:kelp":1,"minecraft:spawner":1,"minecraft:large_fern":3,"minecraft:tall_seagrass":6,"minecraft:raw_iron_block":1,"minecraft:furnace":2,"minecraft:carrots":7,"minecraft:iron_ore":124,"minecraft:cobbled_deepslate":1,"minecraft:andesite":98,"minecraft:pumpkin":15,"evilcraft:dark_ore":5,"minecraft:azure_bluet":1,"dynamictrees:oak_branch":4,"chococraft:gysahl_green":17,"minecraft:pointed_dripstone":6,"minecraft:dirt_path":1,"minecraft:deepslate_iron_ore":58,"minecraft:stone":781,"minecraft:player_head":1,"vampirism:cursed_earth":7,"chisel:smooth/spruce_planks":7,"chisel:tiles_small/stone":1,"dynamictrees:spruce_branch":219,"vampirism:dark_stone":11,"minecraft:kelp_plant":1,"minecraft:dandelion":2,"minecraft:powder_snow":1,"vampirism:cursed_grass":3,"minecraft:cornflower":1,"minecraft:crafting_table":7,"minecraft:sculk_sensor":2,"chisel:triple_bricks/stone":23,"minecraft:copper_ore":8,"minecraft:tall_grass":13,"minecraft:cobblestone":5,"minecraft:deepslate_coal_ore":7,"minecraft:deepslate_gold_ore":5,"chisel:prism/stone":10,"minecraft:lapis_ore":1,"minecraft:sculk":13,"minecraft:diorite":21,"mca:cross_headstone":1,"minecraft:air":79,"minecraft:seagrass":1,"minecraft:coarse_dirt":1,"evilcraft:dark_ore_deepslate":9,"minecraft:birch_log":34,"minecraft:spruce_log":42,"minecraft:birch_leaves":1,"minecraft:grass":271,"minecraft:oak_log":98,"chisel:slant/stone":3,"minecraft:coal_ore":105,"minecraft:gravel":21,"minecraft:dripstone_block":2,"minecraft:dirt":3583,"minecraft:gold_ore":4,"minecraft:oak_leaves":5,"minecraft:deepslate":160},"minecraft:killed":{"vampirism:vampire":5,"minecraft:cave_spider":1,"mca:male_zombie_villager":1,"vampirism:advanced_vampire":1,"minecraft:spider":27,"minecraft:skeleton":11,"duckling:duck":1,"minecraft:creeper":3,"vampirism:hunter":2,"minecraft:zombie":22,"evilcraft:poisonous_libelle":1,"alexsmobs:fly":1,"mca:female_villager":1,"minecraft:cow":3},"minecraft:dropped":{"minecraft:wheat_seeds":24,"minecraft:oak_log":4,"minecraft:cooked_porkchop":1,"minecraft:feather":1,"chisel:triple_bricks/stone":108,"minecraft:cobblestone":2,"chococraft:gysahl_green_seeds":1,"minecraft:dirt":1,"minecraft:cornflower":3,"tombstone:grave_dust":7,"minecraft:iron_axe":4,"minecraft:iron_pickaxe":2,"minecraft:iron_shovel":3,"minecraft:string":6,"minecraft:bone":9,"minecraft:gravel":2,"duckling:raw_duck":1,"minecraft:furnace":1,"minecraft:stone_axe":1,"minecraft:birch_sapling":6,"tombstone:gift":3,"minecraft:stone_shovel":1,"minecraft:andesite":1,"minecraft:oak_sapling":1,"minecraft:spider_eye":2,"minecraft:arrow":2,"minecraft:stone_pickaxe":1,"vampirism:cobbled_dark_stone":9,"chisel:prism/stone":1,"minecraft:black_wool":1},"minecraft:used":{"chisel:slant/stone":3,"minecraft:iron_shovel":6099,"minecraft:stone_shovel":1593,"minecraft:poppy":1,"minecraft:chest":8,"minecraft:spruce_planks":3,"easy_hammers:stone_hammer":77,"minecraft:rotten_flesh":22,"dynamictrees:oak_seed":3,"minecraft:stone_hoe":19,"minecraft:dirt":1038,"minecraft:carrot":49,"minecraft:birch_door":1,"minecraft:lava_bucket":3,"minecraft:iron_axe":518,"evilcraft:flesh_humanoid":1,"minecraft:oak_sapling":2,"minecraft:furnace":9,"minecraft:cobbled_deepslate":152,"minecraft:pointed_dripstone":3,"minecraft:water_bucket":119,"minecraft:stone_pickaxe":820,"minecraft:oak_planks":1,"minecraft:cauldron":3,"minecraft:wooden_pickaxe":35,"chisel:tiles_small/stone":1,"minecraft:crafting_table":13,"chisel:prism/stone":30,"minecraft:white_bed":1,"minecraft:shears":1,"chisel:triple_bricks/stone":442,"minecraft:apple":2,"minecraft:iron_pickaxe":680,"tombstone:grave_key":13,"minecraft:stone_axe":334,"minecraft:cobblestone":241,"minecraft:cooked_porkchop":1,"minecraft:bucket":127,"chococraft:gysahl_green":4,"minecraft:coarse_dirt":1,"minecraft:bone_meal":18,"chisel:smooth/spruce_planks":621},"minecraft:crafted":{"minecraft:oak_planks":92,"minecraft:stone_shovel":12,"minecraft:furnace":7,"easy_hammers:stone_hammer":1,"minecraft:stone":578,"minecraft:bone_meal":18,"minecraft:diamond_block":2,"minecraft:iron_boots":1,"minecraft:iron_axe":5,"minecraft:stone_pickaxe":7,"minecraft:chest":8,"minecraft:stone_hoe":1,"chisel:chisel":1,"sophisticatedbackpacks:backpack":1,"minecraft:cauldron":3,"minecraft:crafting_table":7,"minecraft:spruce_planks":392,"minecraft:iron_helmet":1,"minecraft:wooden_pickaxe":1,"minecraft:bucket":2,"minecraft:stone_axe":5,"minecraft:air":0,"minecraft:iron_chestplate":1,"minecraft:stick":28,"minecraft:iron_ingot":179,"minecraft:iron_pickaxe":3,"minecraft:iron_shovel":26,"minecraft:iron_leggings":1,"minecraft:gold_ingot":2,"minecraft:white_bed":1,"minecraft:shears":1},"minecraft:picked_up":{"chisel:tiles_small/stone":1,"minecraft:crafting_table":7,"minecraft:seagrass":11,"chococraft:loverly_gysahl_green":4,"minecraft:coarse_dirt":1,"minecraft:azure_bluet":4,"minecraft:cornflower":4,"minecraft:string":23,"minecraft:raw_copper":30,"minecraft:iron_axe":1,"evilcraft:poison_sac":1,"minecraft:iron_shovel":2,"minecraft:cobbled_deepslate":716,"mca:engagement_ring":1,"minecraft:spruce_planks":235,"minecraft:beef":7,"minecraft:player_head":1,"dynamictrees:oak_seed":3,"minecraft:poppy":6,"minecraft:iron_pickaxe":1,"minecraft:birch_sapling":8,"minecraft:furnace":3,"duckling:raw_duck":1,"minecraft:egg":1,"mca:wedding_ring":1,"minecraft:stick":63,"minecraft:raw_iron":179,"minecraft:torch":1,"sophisticatedbackpacks:auto_smelting_upgrade":1,"iceandfire:rotten_egg":1,"minecraft:diorite":37,"minecraft:pointed_dripstone":15,"tombstone:grave_dust":11,"vampirism:vampire_fang":1,"minecraft:carrot":36,"minecraft:redstone":36,"minecraft:arrow":13,"minecraft:stone_shovel":1,"minecraft:rotten_flesh":28,"vampirism:cobbled_dark_stone":9,"evilcraft:condensed_blood":44,"minecraft:white_wool":17,"minecraft:cobblestone":990,"minecraft:oxeye_daisy":4,"minecraft:birch_log":33,"vampirism:vampire_blood_bottle":2,"minecraft:feather":2,"minecraft:andesite":102,"minecraft:leather":7,"minecraft:potato":1,"paraglider:spirit_orb":2,"minecraft:tuff":38,"minecraft:oak_log":112,"minecraft:gunpowder":4,"minecraft:dirt":7898,"tombstone:gift":1,"minecraft:bone":18,"chococraft:gysahl_green":47,"minecraft:apple":6,"chococraft:gold_gysahl":1,"minecraft:kelp":12,"minecraft:wheat_seeds":189,"minecraft:raw_gold":9,"minecraft:stone_pickaxe":1,"minecraft:oak_planks":2,"duckling:duck_egg":8,"minecraft:cooked_porkchop":2,"minecraft:pumpkin":15,"minecraft:dandelion":44,"minecraft:raw_iron_block":1,"minecraft:dripstone_block":2,"minecraft:gravel":12,"chisel:smooth/spruce_planks":7,"chisel:prism/stone":11,"chococraft:gysahl_green_seeds":18,"minecraft:spruce_sapling":4,"minecraft:white_bed":1,"minecraft:spruce_log":98,"minecraft:spider_eye":7,"minecraft:bundle":1,"chisel:slant/stone":3,"minecraft:diamond":23,"minecraft:stone_axe":1,"evilcraft:dark_gem":61,"minecraft:granite":41,"alexsmobs:maggot":3,"tombstone:magic_scroll":1,"minecraft:oak_sapling":44,"minecraft:black_wool":1,"chisel:triple_bricks/stone":20,"minecraft:coal":112,"iceandfire:raw_silver":14},"minecraft:broken":{"minecraft:iron_shovel":24,"minecraft:iron_boots":1,"easy_hammers:stone_hammer":1,"minecraft:stone_pickaxe":6,"minecraft:iron_axe":2,"minecraft:stone_axe":5,"minecraft:iron_pickaxe":2,"minecraft:iron_helmet":1,"minecraft:stone_shovel":12},"minecraft:custom":{"minecraft:mob_kills":82,"minecraft:interact_with_crafting_table":86,"minecraft:damage_dealt_resisted":270,"minecraft:leave_game":32,"minecraft:time_since_death":4043,"minecraft:damage_resisted":9,"vampirism:amount_bitten":67,"minecraft:sprint_one_cm":793196,"minecraft:walk_one_cm":2325515,"minecraft:drop":53,"vampirism:skills_unlocked":14,"minecraft:talked_to_villager":1,"minecraft:play_time":661819,"minecraft:sneak_time":18239,"minecraft:deaths":20,"minecraft:walk_under_water_one_cm":108077,"minecraft:jump":6596,"minecraft:walk_on_water_one_cm":108005,"minecraft:total_world_time":661819,"vampirism:blood_drunk":2900,"minecraft:interact_with_furnace":160,"minecraft:sleep_in_bed":3,"minecraft:time_since_rest":3819,"vampirism:resurrected":1,"minecraft:damage_taken":858373,"minecraft:damage_dealt":18221,"minecraft:player_kills":4,"minecraft:swim_one_cm":90407,"minecraft:fly_one_cm":1060594,"minecraft:crouch_one_cm":76316,"minecraft:open_chest":115,"tombstone:undead_killed":34,"tombstone:villager_killed":1,"minecraft:fall_one_cm":113550,"minecraft:use_cauldron":6},"minecraft:killed_by":{"minecraft:player":3,"minecraft:spider":2,"minecraft:warden":5,"minecraft:cave_spider":1,"minecraft:skeleton":1,"minecraft:zombie":2,"vampirism:vampire":1}},"DataVersion":3465}