{"stats":{"minecraft:mined":{"minecraft:grass_block":3,"vampirism:dark_spruce_log":17,"minecraft:tall_grass":3,"minecraft:cobblestone":8,"minecraft:carrots":17,"vampirism:dark_spruce_leaves":7,"minecraft:grass":14,"minecraft:coal_ore":31,"minecraft:stone":4},"minecraft:killed":{"duckling:duck":2,"minecraft:spider":1,"minecraft:sheep":3,"minecraft:horse":3,"minecraft:chicken":2,"alexsmobs:fly":1,"minecraft:cow":3},"minecraft:dropped":{"minecraft:wheat_seeds":2,"alexsmobs:animal_dictionary":1,"minecraft:tuff":2,"tombstone:gift":3,"minecraft:granite":5,"minecraft:diorite":11,"minecraft:andesite":5,"tombstone:grave_dust":2},"minecraft:used":{"minecraft:water_bucket":1,"minecraft:stone_pickaxe":44,"minecraft:dirt":2,"minecraft:carrot":42,"minecraft:stone_axe":52,"vampirism:dark_spruce_log":5,"minecraft:cobblestone":12,"duckling:duck_egg":1,"minecraft:bucket":1,"alexsmobs:animal_dictionary":1,"minecraft:egg":1,"minecraft:bone_meal":33},"minecraft:crafted":{"minecraft:cooked_beef":9,"minecraft:cooked_chicken":2,"duckling:cooked_duck":2,"minecraft:bone_meal":33,"minecraft:stone_axe":1,"minecraft:cooked_mutton":6,"minecraft:air":0,"minecraft:stone_pickaxe":1,"minecraft:stone_sword":1,"minecraft:gold_ingot":7},"minecraft:picked_up":{"minecraft:crafting_table":1,"minecraft:iron_chestplate":1,"minecraft:feather":3,"minecraft:chicken":3,"vampirism:dark_spruce_log":54,"minecraft:andesite":5,"minecraft:leather":6,"alexsmobs:skreecher_soul":2,"minecraft:enchanted_book":1,"minecraft:tuff":2,"minecraft:oak_log":2,"evilcraft:flesh_humanoid":3,"minecraft:shield":1,"minecraft:string":1,"minecraft:dirt":3,"tombstone:gift":3,"minecraft:iron_axe":1,"minecraft:iron_leggings":1,"minecraft:bone":2,"minecraft:bow":1,"minecraft:wheat_seeds":2,"minecraft:cobbled_deepslate":114,"minecraft:bucket":1,"minecraft:iron_ingot":10,"minecraft:beef":6,"minecraft:iron_pickaxe":2,"minecraft:iron_sword":2,"duckling:duck_egg":1,"minecraft:egg":1,"duckling:raw_duck":3,"minecraft:furnace":1,"minecraft:sculk_catalyst":2,"minecraft:stick":6,"sophisticatedbackpacks:backpack":2,"tombstone:grave_dust":2,"minecraft:diorite":11,"minecraft:carrot":60,"alexsmobs:animal_dictionary":1,"minecraft:granite":5,"sophisticatedbackpacks:copper_backpack":1,"minecraft:mutton":6,"minecraft:coal":33,"minecraft:white_wool":3,"minecraft:cobblestone":126},"minecraft:custom":{"minecraft:interact_with_furnace":15,"minecraft:mob_kills":16,"minecraft:interact_with_crafting_table":4,"minecraft:leave_game":1,"minecraft:time_since_death":53673,"minecraft:sleep_in_bed":3,"minecraft:time_since_rest":12890,"minecraft:sprint_one_cm":80739,"minecraft:damage_taken":200,"minecraft:walk_one_cm":70395,"minecraft:drop":11,"minecraft:damage_dealt":1697,"minecraft:swim_one_cm":16569,"minecraft:fly_one_cm":181240,"minecraft:open_chest":23,"minecraft:crouch_one_cm":5492,"minecraft:play_time":53673,"minecraft:sneak_time":2186,"minecraft:walk_under_water_one_cm":3991,"minecraft:jump":740,"minecraft:walk_on_water_one_cm":6487,"minecraft:total_world_time":53673,"minecraft:fall_one_cm":24656,"minecraft:horse_one_cm":1845}},"DataVersion":3465}