{"stats":{"minecraft:mined":{"minecraft:dandelion":1,"minecraft:grass_block":3,"vampirism:dark_spruce_log":17,"minecraft:tall_grass":3,"minecraft:cobblestone":8,"minecraft:carrots":51,"vampirism:dark_spruce_leaves":7,"minecraft:grass":15,"minecraft:coal_ore":31,"minecraft:stone":4},"minecraft:killed":{"duckling:duck":2,"minecraft:spider":1,"minecraft:horse":3,"minecraft:sheep":3,"minecraft:chicken":2,"alexsmobs:fly":1,"minecraft:cow":3},"minecraft:dropped":{"minecraft:iron_sword":1,"minecraft:stone_axe":1,"minecraft:wheat_seeds":3,"minecraft:stone_sword":1,"alexsmobs:animal_dictionary":1,"minecraft:tuff":4,"tombstone:gift":3,"minecraft:rotten_flesh":8,"minecraft:granite":5,"evilcraft:flesh_humanoid":3,"minecraft:dirt":7,"minecraft:diorite":22,"minecraft:iron_chestplate":1,"minecraft:andesite":18,"tombstone:grave_dust":2,"minecraft:iron_leggings":1,"minecraft:iron_axe":1,"minecraft:stone_pickaxe":1,"minecraft:dandelion":1},"minecraft:used":{"minecraft:water_bucket":1,"minecraft:stone_pickaxe":44,"minecraft:dirt":2,"minecraft:carrot":76,"minecraft:stone_axe":52,"vampirism:dark_spruce_log":5,"minecraft:cobblestone":12,"duckling:duck_egg":1,"minecraft:bucket":1,"alexsmobs:animal_dictionary":1,"minecraft:egg":1,"minecraft:bone_meal":97},"minecraft:crafted":{"minecraft:golden_carrot":48,"minecraft:cooked_beef":9,"minecraft:oak_planks":12,"minecraft:iron_helmet":1,"minecraft:cooked_chicken":2,"minecraft:iron_sword":1,"duckling:cooked_duck":2,"minecraft:bone_meal":195,"minecraft:stone_axe":1,"minecraft:cooked_mutton":6,"minecraft:air":0,"minecraft:iron_boots":1,"minecraft:iron_chestplate":1,"vampirism:dark_spruce_planks":8,"minecraft:gold_nugget":387,"minecraft:iron_axe":2,"minecraft:stick":56,"minecraft:iron_ingot":64,"minecraft:iron_pickaxe":2,"minecraft:stone_pickaxe":1,"minecraft:stone_sword":1,"minecraft:iron_leggings":1,"minecraft:gold_ingot":43,"minecraft:torch":128,"minecraft:lapis_block":14},"minecraft:picked_up":{"minecraft:crafting_table":1,"minecraft:iron_chestplate":1,"minecraft:feather":3,"minecraft:chicken":3,"vampirism:dark_spruce_log":54,"minecraft:andesite":5,"minecraft:leather":6,"alexsmobs:skreecher_soul":2,"minecraft:enchanted_book":1,"minecraft:tuff":4,"minecraft:oak_log":2,"evilcraft:flesh_humanoid":3,"minecraft:shield":1,"minecraft:dirt":3,"minecraft:string":1,"tombstone:gift":3,"minecraft:iron_axe":1,"minecraft:iron_leggings":1,"minecraft:bone":2,"minecraft:bow":1,"minecraft:wheat_seeds":3,"minecraft:cobbled_deepslate":114,"minecraft:bucket":1,"minecraft:iron_ingot":10,"minecraft:beef":6,"minecraft:iron_pickaxe":2,"minecraft:iron_sword":2,"duckling:duck_egg":1,"minecraft:furnace":1,"duckling:raw_duck":3,"minecraft:egg":1,"minecraft:sculk_catalyst":2,"minecraft:stick":6,"minecraft:dandelion":1,"sophisticatedbackpacks:backpack":2,"tombstone:grave_dust":2,"minecraft:diorite":22,"minecraft:carrot":186,"alexsmobs:animal_dictionary":1,"minecraft:granite":5,"sophisticatedbackpacks:copper_backpack":1,"minecraft:mutton":6,"minecraft:coal":33,"minecraft:white_wool":3,"minecraft:cobblestone":126},"minecraft:custom":{"minecraft:interact_with_furnace":32,"minecraft:mob_kills":16,"minecraft:interact_with_crafting_table":12,"minecraft:leave_game":1,"minecraft:time_since_death":77484,"minecraft:sleep_in_bed":5,"minecraft:time_since_rest":18226,"minecraft:sprint_one_cm":95916,"minecraft:damage_taken":200,"minecraft:walk_one_cm":111500,"minecraft:drop":26,"minecraft:damage_dealt":1697,"minecraft:swim_one_cm":16569,"minecraft:fly_one_cm":192929,"minecraft:open_chest":81,"minecraft:crouch_one_cm":8457,"minecraft:play_time":77484,"minecraft:sneak_time":2684,"minecraft:walk_under_water_one_cm":3991,"minecraft:jump":782,"minecraft:walk_on_water_one_cm":6520,"minecraft:total_world_time":77484,"minecraft:fall_one_cm":26170,"minecraft:horse_one_cm":1845}},"DataVersion":3465}