{"stats":{"minecraft:mined":{"minecraft:deepslate_diamond_ore":12,"minecraft:dandelion":1,"minecraft:torch":2,"minecraft:granite":1,"minecraft:grass_block":3,"vampirism:dark_spruce_log":17,"minecraft:tall_grass":3,"minecraft:cobblestone":8,"minecraft:deepslate_gold_ore":4,"minecraft:lapis_ore":9,"minecraft:wall_torch":3,"minecraft:carrots":51,"minecraft:iron_ore":24,"vampirism:dark_spruce_leaves":7,"minecraft:grass":15,"minecraft:coal_ore":85,"minecraft:deepslate_iron_ore":2,"minecraft:stone":28,"minecraft:gold_ore":2,"minecraft:deepslate":5},"minecraft:killed":{"mca:female_zombie_villager":1,"vampirism:vampire":5,"vampirism:advanced_vampire":1,"duckling:duck":2,"minecraft:spider":3,"minecraft:sheep":3,"minecraft:horse":3,"minecraft:skeleton":12,"minecraft:zombie":8,"minecraft:chicken":2,"alexsmobs:fly":1,"minecraft:cow":3},"minecraft:dropped":{"minecraft:iron_sword":1,"minecraft:stone_axe":1,"minecraft:wheat_seeds":3,"minecraft:stone_sword":1,"alexsmobs:animal_dictionary":1,"evilcraft:condensed_blood":10,"minecraft:tuff":4,"tombstone:gift":6,"minecraft:rotten_flesh":8,"minecraft:granite":6,"evilcraft:flesh_humanoid":3,"minecraft:dirt":7,"tombstone:bag_of_seeds":1,"minecraft:diorite":22,"minecraft:iron_chestplate":1,"minecraft:andesite":18,"minecraft:spider_eye":1,"tombstone:grave_dust":4,"minecraft:iron_leggings":1,"minecraft:iron_axe":1,"minecraft:bow":2,"minecraft:stone_pickaxe":1,"minecraft:iron_pickaxe":1,"minecraft:string":1,"minecraft:dandelion":1},"minecraft:used":{"minecraft:water_bucket":5,"minecraft:stone_pickaxe":44,"minecraft:shield":4,"minecraft:iron_sword":131,"minecraft:torch":205,"minecraft:dirt":2,"minecraft:carrot":76,"minecraft:iron_pickaxe":139,"tombstone:grave_key":1,"minecraft:stone_axe":52,"vampirism:dark_spruce_log":5,"minecraft:golden_carrot":18,"minecraft:cobblestone":35,"duckling:duck_egg":1,"minecraft:bucket":5,"alexsmobs:animal_dictionary":1,"minecraft:egg":1,"minecraft:bone_meal":97},"minecraft:crafted":{"minecraft:golden_carrot":48,"minecraft:cooked_beef":9,"minecraft:oak_planks":12,"minecraft:iron_helmet":1,"minecraft:cooked_chicken":2,"minecraft:iron_sword":1,"duckling:cooked_duck":2,"minecraft:bone_meal":195,"minecraft:stone_axe":1,"minecraft:cooked_mutton":6,"minecraft:air":0,"minecraft:iron_chestplate":1,"minecraft:iron_boots":1,"vampirism:dark_spruce_planks":32,"minecraft:gold_nugget":387,"minecraft:iron_axe":2,"minecraft:stick":104,"minecraft:iron_ingot":64,"minecraft:iron_pickaxe":2,"minecraft:stone_pickaxe":1,"minecraft:stone_sword":1,"minecraft:iron_leggings":1,"minecraft:gold_ingot":43,"minecraft:torch":320,"minecraft:lapis_block":14},"minecraft:picked_up":{"vampirism:vampire_blood_bottle":1,"minecraft:iron_chestplate":1,"minecraft:crafting_table":1,"minecraft:feather":3,"minecraft:chicken":3,"vampirism:dark_spruce_log":54,"minecraft:andesite":5,"minecraft:leather":6,"alexsmobs:skreecher_soul":2,"minecraft:enchanted_book":1,"minecraft:tuff":4,"minecraft:oak_log":2,"evilcraft:flesh_humanoid":3,"minecraft:shield":1,"minecraft:gunpowder":4,"minecraft:lapis_lazuli":67,"minecraft:string":2,"minecraft:dirt":3,"tombstone:gift":3,"minecraft:iron_axe":1,"minecraft:iron_leggings":1,"minecraft:bone":9,"minecraft:bow":2,"minecraft:wheat_seeds":3,"minecraft:cobbled_deepslate":119,"minecraft:raw_gold":6,"minecraft:bucket":1,"minecraft:iron_ingot":10,"minecraft:beef":6,"tombstone:bag_of_seeds":1,"minecraft:iron_pickaxe":2,"minecraft:iron_sword":2,"duckling:duck_egg":1,"duckling:raw_duck":3,"minecraft:egg":1,"minecraft:furnace":1,"minecraft:sculk_catalyst":2,"minecraft:raw_iron":26,"minecraft:stick":6,"minecraft:torch":4,"minecraft:dandelion":1,"sophisticatedbackpacks:backpack":2,"vampirism:vampire_fang":1,"tombstone:grave_dust":5,"minecraft:diorite":22,"minecraft:carrot":186,"minecraft:rotten_flesh":4,"minecraft:spider_eye":1,"alexsmobs:animal_dictionary":1,"minecraft:arrow":7,"minecraft:diamond":12,"minecraft:granite":6,"sophisticatedbackpacks:copper_backpack":1,"tombstone:magic_scroll":1,"minecraft:mutton":6,"minecraft:coal":87,"minecraft:white_wool":3,"minecraft:cobblestone":153},"minecraft:custom":{"minecraft:interact_with_furnace":32,"minecraft:mob_kills":48,"minecraft:interact_with_crafting_table":12,"minecraft:leave_game":1,"minecraft:time_since_death":5970,"minecraft:sleep_in_bed":5,"minecraft:time_since_rest":5773,"minecraft:sprint_one_cm":223429,"minecraft:damage_taken":3034,"minecraft:walk_one_cm":229316,"minecraft:damage_blocked_by_shield":115,"minecraft:drop":38,"minecraft:damage_dealt":9087,"minecraft:swim_one_cm":16569,"minecraft:fly_one_cm":442338,"minecraft:open_chest":81,"minecraft:play_time":119190,"minecraft:crouch_one_cm":18655,"tombstone:undead_killed":21,"minecraft:deaths":5,"minecraft:sneak_time":6641,"minecraft:walk_under_water_one_cm":6523,"minecraft:jump":2014,"minecraft:walk_on_water_one_cm":14788,"minecraft:total_world_time":119190,"minecraft:fall_one_cm":67187,"minecraft:horse_one_cm":1845},"minecraft:killed_by":{"minecraft:zombie":2,"vampirism:vampire":1}},"DataVersion":3465}