{"stats":{"minecraft:mined":{"minecraft:diamond_ore":1,"minecraft:tuff":1,"minecraft:deepslate_diamond_ore":13,"minecraft:granite":1,"minecraft:grass_block":4,"vampirism:dark_spruce_log":17,"minecraft:spawner":5,"minecraft:carrots":51,"minecraft:iron_ore":24,"minecraft:andesite":6,"minecraft:deepslate_iron_ore":13,"minecraft:iron_bars":8,"minecraft:stone":66,"minecraft:dandelion":1,"minecraft:torch":2,"minecraft:tall_grass":3,"minecraft:cobblestone":8,"minecraft:lapis_ore":9,"minecraft:deepslate_gold_ore":4,"minecraft:diorite":2,"minecraft:wall_torch":3,"vampirism:dark_spruce_leaves":7,"minecraft:grass":16,"minecraft:coal_ore":100,"minecraft:sand":2,"minecraft:dirt":3,"minecraft:gold_ore":2,"minecraft:deepslate":6},"minecraft:killed":{"mca:female_zombie_villager":1,"vampirism:vampire":11,"vampirism:advanced_vampire":1,"minecraft:spider":11,"minecraft:skeleton":23,"minecraft:horse":3,"minecraft:chicken":3,"alexsmobs:centipede_head":1,"duckling:duck":2,"minecraft:sheep":3,"minecraft:zombie":19,"alexsmobs:fly":1,"minecraft:cow":3},"minecraft:dropped":{"minecraft:iron_sword":1,"minecraft:wheat_seeds":3,"evilcraft:condensed_blood":10,"minecraft:granite":6,"paraglider:spirit_orb":2,"minecraft:dirt":7,"tombstone:bag_of_seeds":1,"minecraft:diorite":22,"tombstone:grave_dust":6,"minecraft:iron_leggings":1,"minecraft:sand":2,"minecraft:iron_axe":1,"minecraft:iron_pickaxe":1,"minecraft:string":12,"minecraft:dandelion":1,"minecraft:stone_axe":1,"alexsmobs:animal_dictionary":1,"minecraft:stone_sword":1,"minecraft:tuff":5,"tombstone:gift":6,"minecraft:rotten_flesh":14,"evilcraft:flesh_humanoid":4,"minecraft:iron_chestplate":1,"minecraft:andesite":22,"minecraft:spider_eye":3,"minecraft:iron_bars":8,"minecraft:bow":2,"minecraft:stone_pickaxe":1},"minecraft:used":{"tombstone:scroll_of_frost_resistance":1,"minecraft:shield":4,"minecraft:iron_sword":307,"minecraft:torch":289,"minecraft:dirt":6,"tombstone:scroll_of_aquatic_life":1,"minecraft:carrot":76,"vampirism:dark_spruce_log":5,"minecraft:golden_carrot":40,"duckling:duck_egg":1,"minecraft:egg":1,"minecraft:cobbled_deepslate":10,"minecraft:water_bucket":19,"minecraft:diorite":2,"minecraft:stone_pickaxe":44,"minecraft:ender_pearl":1,"tombstone:tablet_of_home":1,"minecraft:iron_pickaxe":235,"tombstone:magic_scroll":5,"tombstone:grave_key":1,"minecraft:stone_axe":52,"minecraft:cobblestone":47,"minecraft:andesite":2,"minecraft:bucket":19,"alexsmobs:animal_dictionary":1,"minecraft:bone_meal":97},"minecraft:crafted":{"minecraft:golden_carrot":48,"minecraft:oak_planks":12,"minecraft:cooked_chicken":2,"minecraft:bone_meal":195,"minecraft:cooked_mutton":6,"minecraft:iron_boots":1,"minecraft:iron_axe":2,"minecraft:stone_pickaxe":1,"minecraft:cooked_beef":9,"minecraft:iron_helmet":1,"minecraft:iron_sword":1,"duckling:cooked_duck":2,"minecraft:stone_axe":1,"minecraft:air":0,"minecraft:iron_chestplate":1,"vampirism:dark_spruce_planks":32,"minecraft:gold_nugget":387,"minecraft:stick":104,"minecraft:iron_ingot":64,"minecraft:iron_pickaxe":2,"minecraft:stone_sword":1,"minecraft:gold_ingot":43,"minecraft:iron_leggings":1,"minecraft:torch":320,"minecraft:lapis_block":14},"minecraft:picked_up":{"minecraft:crafting_table":1,"minecraft:iron_chestplate":1,"minecraft:chicken":3,"vampirism:dark_spruce_log":54,"minecraft:enchanted_book":1,"minecraft:shield":1,"minecraft:string":15,"minecraft:iron_axe":1,"minecraft:iron_leggings":1,"minecraft:cobbled_deepslate":121,"minecraft:bucket":1,"minecraft:beef":6,"minecraft:iron_pickaxe":2,"minecraft:furnace":1,"minecraft:egg":1,"duckling:raw_duck":3,"minecraft:stick":6,"minecraft:raw_iron":37,"minecraft:torch":8,"sophisticatedbackpacks:backpack":2,"minecraft:diorite":24,"tombstone:grave_dust":7,"vampirism:vampire_fang":3,"minecraft:carrot":187,"minecraft:arrow":13,"minecraft:rotten_flesh":8,"sophisticatedbackpacks:copper_backpack":2,"minecraft:mutton":6,"minecraft:iron_bars":16,"minecraft:white_wool":3,"minecraft:cobblestone":190,"minecraft:feather":3,"vampirism:vampire_blood_bottle":1,"minecraft:andesite":11,"minecraft:leather":6,"alexsmobs:skreecher_soul":2,"paraglider:spirit_orb":10,"minecraft:tuff":5,"minecraft:oak_log":2,"evilcraft:flesh_humanoid":3,"minecraft:gunpowder":4,"minecraft:lapis_lazuli":67,"minecraft:dirt":7,"tombstone:gift":3,"minecraft:bone":17,"minecraft:bow":2,"minecraft:wheat_seeds":3,"minecraft:raw_gold":6,"minecraft:iron_ingot":10,"tombstone:bag_of_seeds":1,"minecraft:iron_sword":2,"duckling:duck_egg":1,"minecraft:sculk_catalyst":2,"minecraft:dandelion":1,"minecraft:sand":4,"alexsmobs:animal_dictionary":1,"minecraft:spider_eye":7,"minecraft:bundle":3,"minecraft:diamond":14,"minecraft:granite":6,"tombstone:magic_scroll":1,"minecraft:coal":102},"minecraft:broken":{"minecraft:iron_boots":1,"minecraft:iron_chestplate":1,"minecraft:iron_leggings":1,"minecraft:iron_sword":1,"minecraft:iron_helmet":1},"minecraft:custom":{"minecraft:mob_kills":86,"minecraft:interact_with_crafting_table":12,"minecraft:damage_dealt_resisted":373,"minecraft:leave_game":1,"minecraft:time_since_death":22725,"minecraft:sprint_one_cm":350580,"minecraft:walk_one_cm":364034,"minecraft:damage_blocked_by_shield":115,"minecraft:drop":56,"minecraft:damage_dealt_absorbed":80,"minecraft:talked_to_villager":1,"minecraft:play_time":173190,"minecraft:deaths":7,"minecraft:sneak_time":8280,"minecraft:walk_under_water_one_cm":20379,"minecraft:jump":2919,"minecraft:walk_on_water_one_cm":54168,"minecraft:total_world_time":173190,"minecraft:interact_with_furnace":32,"spartanshields:shield_bash_hits":1,"minecraft:sleep_in_bed":5,"minecraft:time_since_rest":22502,"minecraft:damage_taken":6123,"minecraft:damage_absorbed":120,"minecraft:damage_dealt":17123,"tombstone:cast_on_ally":0,"minecraft:swim_one_cm":29657,"minecraft:fly_one_cm":616460,"minecraft:open_chest":122,"minecraft:crouch_one_cm":23326,"tombstone:undead_killed":43,"minecraft:fall_one_cm":124785,"minecraft:horse_one_cm":1845},"minecraft:killed_by":{"minecraft:zombie":2,"vampirism:vampire":1}},"DataVersion":3465}