{"stats":{"minecraft:killed_by":{"vampirism:advanced_vampire":2,"iceandfire:cyclops":1,"minecraft:creeper":1,"minecraft:vindicator":4,"minecraft:skeleton":1,"minecraft:zombie":7,"vampirism:vampire":1},"minecraft:custom":{"minecraft:mob_kills":150,"minecraft:interact_with_crafting_table":17,"minecraft:open_barrel":28,"minecraft:damage_dealt_resisted":542,"minecraft:leave_game":4,"minecraft:time_since_death":9186,"minecraft:climb_one_cm":8204,"minecraft:sprint_one_cm":717133,"minecraft:walk_one_cm":761642,"minecraft:damage_blocked_by_shield":685,"minecraft:drop":159,"vampirism:interact_with_totem":2,"minecraft:damage_dealt_absorbed":80,"minecraft:talked_to_villager":1,"minecraft:play_time":320053,"minecraft:sneak_time":13358,"minecraft:deaths":22,"minecraft:walk_under_water_one_cm":71232,"minecraft:boat_one_cm":78840,"minecraft:jump":4131,"minecraft:walk_on_water_one_cm":98580,"minecraft:total_world_time":320053,"spartanshields:shield_bash_hits":6,"minecraft:interact_with_furnace":64,"tombstone:raider_killed":17,"vampirism:interact_with_research_table":5,"vampirism:interact_with_garlic_diffuser":6,"minecraft:sleep_in_bed":6,"minecraft:time_since_rest":8862,"minecraft:damage_absorbed":120,"minecraft:damage_taken":14747,"minecraft:trigger_trapped_chest":2,"minecraft:damage_dealt":31539,"tombstone:cast_on_ally":0,"minecraft:swim_one_cm":113816,"minecraft:fly_one_cm":814871,"minecraft:crouch_one_cm":35934,"minecraft:open_chest":283,"tombstone:undead_killed":78,"minecraft:fall_one_cm":153858,"minecraft:horse_one_cm":1845},"minecraft:used":{"tombstone:scroll_of_frost_resistance":1,"minecraft:shield":111,"minecraft:iron_sword":646,"vampirism:item_alchemical_fire":1,"minecraft:cooked_salmon":7,"minecraft:torch":390,"minecraft:dirt":10,"tombstone:scroll_of_aquatic_life":1,"minecraft:carrot":82,"minecraft:iron_axe":131,"evilcraft:box_of_eternal_closure":2,"minecraft:bow":9,"minecraft:golden_carrot":47,"vampirism:dark_spruce_log":8,"minecraft:cooked_cod":11,"duckling:duck_egg":1,"tombstone:gift":2,"minecraft:cooked_beef":21,"minecraft:egg":1,"farmersdelight:tomato_seeds":1,"minecraft:cobbled_deepslate":10,"minecraft:cooked_mutton":9,"minecraft:water_bucket":67,"minecraft:mossy_stone_bricks":1,"minecraft:diorite":2,"minecraft:oak_planks":1,"minecraft:stone_pickaxe":44,"minecraft:ender_pearl":1,"minecraft:mossy_cobblestone":1,"minecraft:oak_slab":3,"vampirism:garlic_diffuser_improved":1,"tombstone:tablet_of_home":1,"minecraft:iron_pickaxe":306,"minecraft:bread":3,"tombstone:magic_scroll":6,"tombstone:grave_key":8,"minecraft:stone_axe":52,"minecraft:cobblestone":77,"minecraft:potion":1,"minecraft:andesite":2,"minecraft:bucket":67,"minecraft:oak_boat":4,"alexsmobs:animal_dictionary":1,"minecraft:bone_meal":97,"minecraft:experience_bottle":1},"minecraft:broken":{"minecraft:iron_boots":2,"minecraft:iron_chestplate":2,"minecraft:iron_leggings":1,"minecraft:iron_axe":1,"minecraft:iron_sword":2,"minecraft:iron_helmet":2},"minecraft:dropped":{"farmersdelight:tomato_seeds":8,"minecraft:golden_boots":1,"minecraft:iron_sword":1,"minecraft:oak_slab":1,"minecraft:wheat_seeds":5,"chococraft:gold_gysahl":1,"evilcraft:condensed_blood":44,"chococraft:gysahl_green_seeds":1,"minecraft:granite":6,"paraglider:spirit_orb":12,"minecraft:dirt":7,"tombstone:bag_of_seeds":1,"minecraft:diorite":22,"evilcraft:broom":1,"minecraft:iron_door":1,"tombstone:grave_dust":6,"minecraft:iron_leggings":1,"minecraft:gold_nugget":6,"minecraft:sand":2,"minecraft:iron_axe":1,"minecraft:iron_pickaxe":1,"minecraft:string":19,"minecraft:lily_pad":1,"vampirism:garlic_bread":5,"minecraft:music_disc_cat":1,"minecraft:dandelion":1,"minecraft:bone":4,"minecraft:stone_axe":1,"alexsmobs:crocodile_scute":2,"alexsmobs:animal_dictionary":1,"minecraft:stone_sword":1,"minecraft:tuff":5,"minecraft:wheat":3,"tombstone:gift":8,"iceandfire:witherbone":1,"iceandfire:amphithere_feather":1,"minecraft:rotten_flesh":24,"minecraft:oak_planks":1,"minecraft:iron_boots":1,"evilcraft:flesh_humanoid":6,"minecraft:carrot":1,"minecraft:potato":2,"vampirism:vampire_blood_bottle":2,"minecraft:iron_chestplate":1,"minecraft:andesite":22,"minecraft:quartz_block":1,"minecraft:melon_seeds":2,"minecraft:leather_boots":1,"minecraft:chainmail_boots":1,"minecraft:stone_pressure_plate":1,"minecraft:spider_eye":5,"minecraft:iron_bars":22,"minecraft:bow":3,"minecraft:stone_pickaxe":1,"chococraft:gysahl_green":3},"minecraft:picked_up":{"minecraft:iron_chestplate":1,"minecraft:crafting_table":1,"minecraft:chicken":5,"minecraft:chainmail_boots":1,"iceandfire:witherbone":1,"vampirism:dark_spruce_log":54,"farmersdelight:rice_panicle":1,"minecraft:enchanted_book":1,"minecraft:shield":2,"minecraft:string":19,"minecraft:iron_axe":1,"minecraft:iron_leggings":1,"minecraft:gold_nugget":26,"minecraft:cobbled_deepslate":121,"minecraft:bucket":1,"minecraft:beef":6,"minecraft:oak_boat":4,"minecraft:iron_pickaxe":2,"minecraft:melon_slice":3,"minecraft:iron_boots":1,"minecraft:furnace":1,"duckling:raw_duck":3,"minecraft:egg":1,"minecraft:tipped_arrow":1,"minecraft:raw_iron":37,"minecraft:stick":13,"minecraft:torch":17,"sophisticatedbackpacks:backpack":2,"minecraft:porkchop":1,"vampirism:vampire_fang":4,"tombstone:grave_dust":11,"minecraft:diorite":24,"minecraft:carrot":188,"minecraft:stone_pressure_plate":1,"alexsmobs:crocodile_scute":2,"evilcraft:box_of_eternal_closure":1,"minecraft:arrow":25,"minecraft:rotten_flesh":24,"sophisticatedbackpacks:copper_backpack":2,"minecraft:mutton":6,"minecraft:iron_bars":26,"minecraft:white_wool":4,"minecraft:cobblestone":197,"vampirism:garlic_diffuser_improved":1,"vampirism:vampire_blood_bottle":2,"minecraft:feather":3,"minecraft:cooked_beef":1,"minecraft:iron_door":1,"minecraft:andesite":11,"minecraft:leather":6,"alexsmobs:skreecher_soul":2,"minecraft:potato":2,"paraglider:spirit_orb":46,"minecraft:tuff":5,"minecraft:chainmail_chestplate":1,"minecraft:oak_log":4,"evilcraft:flesh_humanoid":3,"minecraft:lily_pad":1,"iceandfire:ectoplasm":1,"minecraft:golden_boots":1,"minecraft:gunpowder":4,"minecraft:lapis_lazuli":67,"minecraft:dirt":11,"tombstone:gift":4,"minecraft:cooked_mutton":1,"minecraft:leather_boots":2,"minecraft:bone":38,"chococraft:gysahl_green":3,"chococraft:gold_gysahl":1,"minecraft:bow":4,"minecraft:wheat_seeds":5,"minecraft:raw_gold":6,"minecraft:iron_ingot":10,"tombstone:bag_of_seeds":1,"minecraft:iron_sword":2,"minecraft:oak_planks":1,"duckling:duck_egg":1,"minecraft:sculk_catalyst":2,"iceandfire:amphithere_feather":1,"minecraft:oak_slab":4,"minecraft:dandelion":1,"minecraft:sand":4,"vampirism:crucifix_normal":2,"chococraft:gysahl_green_seeds":1,"minecraft:spider_eye":9,"alexsmobs:animal_dictionary":1,"minecraft:bundle":3,"minecraft:oak_wood":1,"tombstone:familiar_stone":1,"minecraft:diamond":14,"minecraft:granite":6,"minecraft:emerald":5,"tombstone:magic_scroll":1,"minecraft:coal":115},"minecraft:crafted":{"minecraft:golden_carrot":48,"minecraft:oak_planks":24,"minecraft:cooked_chicken":4,"minecraft:bone_meal":201,"minecraft:cooked_mutton":8,"minecraft:iron_boots":2,"minecraft:iron_axe":2,"minecraft:stone_pickaxe":1,"minecraft:cooked_beef":11,"minecraft:cooked_cod":11,"minecraft:cooked_porkchop":1,"minecraft:iron_helmet":2,"minecraft:iron_sword":1,"duckling:cooked_duck":2,"minecraft:cooked_salmon":21,"minecraft:stone_axe":1,"minecraft:air":0,"minecraft:oak_boat":1,"minecraft:iron_chestplate":1,"vampirism:dark_spruce_planks":32,"minecraft:gold_nugget":387,"minecraft:stick":104,"minecraft:iron_ingot":88,"minecraft:iron_pickaxe":2,"minecraft:stone_sword":1,"minecraft:iron_leggings":2,"minecraft:gold_ingot":49,"minecraft:torch":320,"minecraft:lapis_block":14},"minecraft:mined":{"minecraft:diamond_ore":1,"minecraft:tuff":1,"minecraft:stone_pressure_plate":1,"minecraft:mossy_cobblestone":2,"minecraft:deepslate_diamond_ore":13,"minecraft:nether_bricks":1,"minecraft:granite":1,"minecraft:grass_block":4,"vampirism:dark_spruce_log":17,"minecraft:spawner":25,"minecraft:carrots":52,"minecraft:iron_ore":24,"minecraft:andesite":6,"chococraft:gysahl_green":1,"minecraft:deepslate_iron_ore":13,"iceandfire:gold_pile":2,"minecraft:vine":8,"minecraft:oak_stairs":1,"minecraft:iron_bars":14,"minecraft:stone":73,"minecraft:oak_slab":2,"minecraft:dandelion":1,"minecraft:torch":6,"minecraft:oak_wood":1,"minecraft:melon":1,"minecraft:sculk_sensor":1,"minecraft:tall_grass":3,"minecraft:cobblestone":10,"minecraft:deepslate_gold_ore":4,"minecraft:lapis_ore":9,"minecraft:oak_planks":1,"minecraft:iron_door":1,"minecraft:diorite":2,"minecraft:wall_torch":5,"vampirism:dark_spruce_leaves":7,"minecraft:grass":17,"minecraft:coal_ore":114,"minecraft:oak_log":3,"vampirism:garlic_diffuser_improved":1,"minecraft:sand":2,"minecraft:dirt":7,"minecraft:gold_ore":2,"minecraft:deepslate":6,"minecraft:infested_stone":1},"minecraft:killed":{"mca:female_zombie_villager":1,"vampirism:vampire":13,"vampirism:advanced_vampire":2,"minecraft:vindicator":9,"minecraft:spider":13,"minecraft:horse":3,"minecraft:skeleton":35,"minecraft:chicken":3,"minecraft:silverfish":3,"alexsmobs:centipede_head":1,"duckling:duck":2,"minecraft:creeper":1,"minecraft:sheep":3,"minecraft:pillager":8,"alexsmobs:crocodile":1,"minecraft:zombie":35,"iceandfire:ghost":4,"minecraft:stray":2,"alexsmobs:fly":1,"minecraft:wither_skeleton":1,"minecraft:cow":3}},"DataVersion":3465}