{"stats":{"minecraft:mined":{"minecraft:carrots":17,"vampirism:dark_spruce_leaves":7,"minecraft:grass":13,"minecraft:coal_ore":31,"minecraft:grass_block":3,"vampirism:dark_spruce_log":17,"minecraft:cobblestone":8,"minecraft:tall_grass":3,"minecraft:stone":4},"minecraft:killed":{"minecraft:horse":3,"minecraft:sheep":3,"minecraft:chicken":2,"duckling:duck":2,"minecraft:spider":1,"alexsmobs:fly":1,"minecraft:cow":3},"minecraft:dropped":{"minecraft:wheat_seeds":1,"alexsmobs:animal_dictionary":1},"minecraft:used":{"minecraft:stone_pickaxe":44,"minecraft:stone_axe":50,"vampirism:dark_spruce_log":5,"minecraft:dirt":2,"minecraft:cobblestone":12,"duckling:duck_egg":1,"minecraft:carrot":37,"alexsmobs:animal_dictionary":1,"minecraft:egg":1,"minecraft:bone_meal":33},"minecraft:crafted":{"minecraft:cooked_beef":3,"minecraft:stone_pickaxe":1,"minecraft:stone_sword":1,"minecraft:gold_ingot":7,"minecraft:bone_meal":33,"minecraft:stone_axe":1,"minecraft:air":0},"minecraft:picked_up":{"minecraft:stick":2,"minecraft:feather":3,"minecraft:chicken":3,"vampirism:dark_spruce_log":16,"minecraft:leather":6,"minecraft:carrot":60,"alexsmobs:animal_dictionary":1,"minecraft:dirt":3,"minecraft:string":1,"minecraft:bone":2,"minecraft:wheat_seeds":2,"minecraft:beef":6,"minecraft:cobblestone":12,"minecraft:coal":31,"minecraft:mutton":6,"duckling:duck_egg":1,"minecraft:white_wool":3,"duckling:raw_duck":2,"minecraft:egg":1},"minecraft:custom":{"minecraft:time_since_rest":890,"minecraft:interact_with_furnace":9,"minecraft:sprint_one_cm":64197,"minecraft:damage_taken":200,"minecraft:walk_one_cm":55487,"minecraft:mob_kills":16,"minecraft:drop":2,"minecraft:damage_dealt":1697,"minecraft:swim_one_cm":16569,"minecraft:interact_with_crafting_table":4,"minecraft:fly_one_cm":143442,"minecraft:open_chest":15,"minecraft:crouch_one_cm":4700,"minecraft:play_time":41673,"minecraft:sneak_time":1927,"minecraft:walk_under_water_one_cm":3991,"minecraft:jump":616,"minecraft:leave_game":1,"minecraft:time_since_death":41673,"minecraft:walk_on_water_one_cm":6171,"minecraft:sleep_in_bed":3,"minecraft:total_world_time":41673,"minecraft:horse_one_cm":1845,"minecraft:fall_one_cm":18665}},"DataVersion":3465}