{"stats":{"minecraft:mined":{"minecraft:diamond_ore":1,"minecraft:tuff":1,"minecraft:deepslate_diamond_ore":13,"minecraft:granite":1,"minecraft:grass_block":4,"vampirism:dark_spruce_log":17,"minecraft:spawner":1,"minecraft:carrots":51,"minecraft:iron_ore":24,"minecraft:andesite":6,"minecraft:deepslate_iron_ore":13,"minecraft:stone":42,"minecraft:dandelion":1,"minecraft:torch":2,"minecraft:tall_grass":3,"minecraft:cobblestone":8,"minecraft:lapis_ore":9,"minecraft:deepslate_gold_ore":4,"minecraft:wall_torch":3,"vampirism:dark_spruce_leaves":7,"minecraft:grass":15,"minecraft:coal_ore":100,"minecraft:dirt":3,"minecraft:gold_ore":2,"minecraft:deepslate":6},"minecraft:killed":{"mca:female_zombie_villager":1,"vampirism:vampire":9,"vampirism:advanced_vampire":1,"minecraft:spider":3,"minecraft:skeleton":19,"minecraft:horse":3,"minecraft:chicken":2,"alexsmobs:centipede_head":1,"duckling:duck":2,"minecraft:sheep":3,"minecraft:zombie":11,"alexsmobs:fly":1,"minecraft:cow":3},"minecraft:dropped":{"minecraft:iron_sword":1,"minecraft:wheat_seeds":3,"evilcraft:condensed_blood":10,"minecraft:granite":6,"paraglider:spirit_orb":2,"minecraft:dirt":7,"tombstone:bag_of_seeds":1,"minecraft:diorite":22,"tombstone:grave_dust":6,"minecraft:iron_leggings":1,"minecraft:iron_axe":1,"minecraft:iron_pickaxe":1,"minecraft:string":7,"minecraft:dandelion":1,"minecraft:stone_axe":1,"alexsmobs:animal_dictionary":1,"minecraft:stone_sword":1,"minecraft:tuff":5,"tombstone:gift":6,"minecraft:rotten_flesh":13,"evilcraft:flesh_humanoid":3,"minecraft:iron_chestplate":1,"minecraft:andesite":18,"minecraft:spider_eye":1,"minecraft:bow":2,"minecraft:stone_pickaxe":1},"minecraft:used":{"tombstone:scroll_of_frost_resistance":1,"minecraft:shield":4,"minecraft:iron_sword":213,"minecraft:torch":246,"minecraft:dirt":2,"tombstone:scroll_of_aquatic_life":1,"minecraft:carrot":76,"vampirism:dark_spruce_log":5,"minecraft:golden_carrot":31,"duckling:duck_egg":1,"minecraft:egg":1,"minecraft:cobbled_deepslate":10,"minecraft:water_bucket":11,"minecraft:stone_pickaxe":44,"minecraft:ender_pearl":1,"tombstone:tablet_of_home":1,"minecraft:iron_pickaxe":195,"tombstone:magic_scroll":5,"tombstone:grave_key":1,"minecraft:stone_axe":52,"minecraft:cobblestone":47,"minecraft:bucket":11,"alexsmobs:animal_dictionary":1,"minecraft:bone_meal":97},"minecraft:crafted":{"minecraft:golden_carrot":48,"minecraft:oak_planks":12,"minecraft:cooked_chicken":2,"minecraft:bone_meal":195,"minecraft:cooked_mutton":6,"minecraft:iron_boots":1,"minecraft:iron_axe":2,"minecraft:stone_pickaxe":1,"minecraft:cooked_beef":9,"minecraft:iron_helmet":1,"minecraft:iron_sword":1,"duckling:cooked_duck":2,"minecraft:stone_axe":1,"minecraft:air":0,"minecraft:iron_chestplate":1,"vampirism:dark_spruce_planks":32,"minecraft:gold_nugget":387,"minecraft:stick":104,"minecraft:iron_ingot":64,"minecraft:iron_pickaxe":2,"minecraft:stone_sword":1,"minecraft:gold_ingot":43,"minecraft:iron_leggings":1,"minecraft:torch":320,"minecraft:lapis_block":14},"minecraft:picked_up":{"minecraft:crafting_table":1,"minecraft:iron_chestplate":1,"minecraft:chicken":3,"vampirism:dark_spruce_log":54,"minecraft:enchanted_book":1,"minecraft:shield":1,"minecraft:string":2,"minecraft:iron_axe":1,"minecraft:iron_leggings":1,"minecraft:cobbled_deepslate":121,"minecraft:bucket":1,"minecraft:beef":6,"minecraft:iron_pickaxe":2,"minecraft:furnace":1,"minecraft:egg":1,"duckling:raw_duck":3,"minecraft:stick":6,"minecraft:raw_iron":37,"minecraft:torch":5,"sophisticatedbackpacks:backpack":2,"minecraft:diorite":22,"tombstone:grave_dust":6,"vampirism:vampire_fang":1,"minecraft:carrot":186,"minecraft:arrow":9,"minecraft:rotten_flesh":6,"sophisticatedbackpacks:copper_backpack":2,"minecraft:mutton":6,"minecraft:white_wool":3,"minecraft:cobblestone":167,"minecraft:feather":3,"vampirism:vampire_blood_bottle":1,"minecraft:andesite":11,"minecraft:leather":6,"alexsmobs:skreecher_soul":2,"paraglider:spirit_orb":2,"minecraft:tuff":5,"minecraft:oak_log":2,"evilcraft:flesh_humanoid":3,"minecraft:gunpowder":4,"minecraft:lapis_lazuli":67,"minecraft:dirt":7,"tombstone:gift":3,"minecraft:bone":14,"minecraft:bow":2,"minecraft:wheat_seeds":3,"minecraft:raw_gold":6,"minecraft:iron_ingot":10,"tombstone:bag_of_seeds":1,"minecraft:iron_sword":2,"duckling:duck_egg":1,"minecraft:sculk_catalyst":2,"minecraft:dandelion":1,"alexsmobs:animal_dictionary":1,"minecraft:spider_eye":1,"minecraft:bundle":2,"minecraft:diamond":14,"minecraft:granite":6,"tombstone:magic_scroll":1,"minecraft:coal":102},"minecraft:broken":{"minecraft:iron_boots":1,"minecraft:iron_helmet":1},"minecraft:custom":{"minecraft:mob_kills":63,"minecraft:interact_with_crafting_table":12,"minecraft:damage_dealt_resisted":242,"minecraft:leave_game":1,"minecraft:time_since_death":2416,"minecraft:sprint_one_cm":287357,"minecraft:walk_one_cm":293854,"minecraft:damage_blocked_by_shield":115,"minecraft:drop":45,"minecraft:damage_dealt_absorbed":80,"minecraft:play_time":149190,"minecraft:deaths":6,"minecraft:sneak_time":8018,"minecraft:walk_under_water_one_cm":10060,"minecraft:jump":2709,"minecraft:walk_on_water_one_cm":43791,"minecraft:total_world_time":149190,"minecraft:interact_with_furnace":32,"spartanshields:shield_bash_hits":1,"minecraft:sleep_in_bed":5,"minecraft:time_since_rest":2196,"minecraft:damage_taken":4951,"minecraft:damage_absorbed":120,"minecraft:damage_dealt":13157,"tombstone:cast_on_ally":0,"minecraft:swim_one_cm":23122,"minecraft:fly_one_cm":573934,"minecraft:open_chest":95,"minecraft:crouch_one_cm":22886,"tombstone:undead_killed":31,"minecraft:fall_one_cm":119456,"minecraft:horse_one_cm":1845},"minecraft:killed_by":{"minecraft:zombie":2,"vampirism:vampire":1}},"DataVersion":3465}