{"stats":{"minecraft:broken":{"minecraft:iron_boots":1,"minecraft:iron_chestplate":1,"minecraft:iron_leggings":1,"minecraft:iron_sword":1,"minecraft:iron_helmet":1},"minecraft:used":{"tombstone:scroll_of_frost_resistance":1,"minecraft:shield":11,"minecraft:iron_sword":440,"vampirism:item_alchemical_fire":1,"minecraft:torch":330,"minecraft:dirt":6,"tombstone:scroll_of_aquatic_life":1,"minecraft:carrot":76,"evilcraft:box_of_eternal_closure":2,"minecraft:golden_carrot":47,"vampirism:dark_spruce_log":8,"duckling:duck_egg":1,"tombstone:gift":2,"minecraft:egg":1,"minecraft:cooked_beef":13,"farmersdelight:tomato_seeds":1,"minecraft:cobbled_deepslate":10,"minecraft:water_bucket":46,"minecraft:mossy_stone_bricks":1,"minecraft:diorite":2,"minecraft:stone_pickaxe":44,"minecraft:ender_pearl":1,"minecraft:mossy_cobblestone":1,"vampirism:garlic_diffuser_improved":1,"tombstone:tablet_of_home":1,"minecraft:bread":3,"minecraft:iron_pickaxe":281,"tombstone:magic_scroll":6,"tombstone:grave_key":2,"minecraft:stone_axe":52,"minecraft:cobblestone":77,"minecraft:potion":1,"minecraft:andesite":2,"minecraft:bucket":46,"alexsmobs:animal_dictionary":1,"minecraft:bone_meal":97,"minecraft:experience_bottle":1},"minecraft:custom":{"minecraft:mob_kills":109,"minecraft:interact_with_crafting_table":15,"minecraft:open_barrel":9,"minecraft:damage_dealt_resisted":542,"minecraft:leave_game":4,"minecraft:time_since_death":416,"minecraft:climb_one_cm":4771,"minecraft:sprint_one_cm":519586,"minecraft:walk_one_cm":568816,"minecraft:damage_blocked_by_shield":375,"minecraft:drop":128,"minecraft:damage_dealt_absorbed":80,"minecraft:talked_to_villager":1,"minecraft:play_time":254366,"minecraft:sneak_time":10718,"minecraft:deaths":16,"minecraft:walk_under_water_one_cm":37378,"minecraft:jump":3461,"minecraft:walk_on_water_one_cm":61308,"minecraft:total_world_time":254366,"spartanshields:shield_bash_hits":5,"minecraft:interact_with_furnace":62,"tombstone:raider_killed":8,"vampirism:interact_with_research_table":5,"vampirism:interact_with_garlic_diffuser":6,"minecraft:sleep_in_bed":6,"minecraft:time_since_rest":1,"minecraft:damage_absorbed":120,"minecraft:damage_taken":10378,"minecraft:damage_dealt":22553,"tombstone:cast_on_ally":0,"minecraft:swim_one_cm":33396,"minecraft:fly_one_cm":711601,"minecraft:open_chest":229,"minecraft:crouch_one_cm":32042,"tombstone:undead_killed":53,"minecraft:fall_one_cm":144053,"minecraft:horse_one_cm":1845},"minecraft:crafted":{"minecraft:golden_carrot":48,"minecraft:oak_planks":12,"minecraft:cooked_chicken":4,"minecraft:bone_meal":201,"minecraft:cooked_mutton":8,"minecraft:iron_boots":2,"minecraft:iron_axe":2,"minecraft:stone_pickaxe":1,"minecraft:cooked_beef":11,"minecraft:cooked_cod":11,"minecraft:cooked_porkchop":1,"minecraft:iron_helmet":2,"minecraft:iron_sword":1,"duckling:cooked_duck":2,"minecraft:cooked_salmon":21,"minecraft:stone_axe":1,"minecraft:air":0,"minecraft:iron_chestplate":1,"vampirism:dark_spruce_planks":32,"minecraft:gold_nugget":387,"minecraft:stick":104,"minecraft:iron_pickaxe":2,"minecraft:iron_ingot":88,"minecraft:stone_sword":1,"minecraft:iron_leggings":2,"minecraft:gold_ingot":49,"minecraft:torch":320,"minecraft:lapis_block":14},"minecraft:dropped":{"farmersdelight:tomato_seeds":8,"minecraft:iron_sword":1,"minecraft:wheat_seeds":3,"evilcraft:condensed_blood":44,"minecraft:granite":6,"paraglider:spirit_orb":4,"minecraft:dirt":7,"tombstone:bag_of_seeds":1,"minecraft:diorite":22,"tombstone:grave_dust":6,"minecraft:iron_leggings":1,"minecraft:gold_nugget":6,"minecraft:sand":2,"minecraft:iron_axe":1,"minecraft:iron_pickaxe":1,"minecraft:string":18,"minecraft:music_disc_cat":1,"vampirism:garlic_bread":5,"minecraft:dandelion":1,"minecraft:bone":2,"minecraft:stone_axe":1,"alexsmobs:animal_dictionary":1,"minecraft:stone_sword":1,"minecraft:tuff":5,"minecraft:wheat":3,"tombstone:gift":8,"minecraft:rotten_flesh":16,"minecraft:oak_planks":1,"evilcraft:flesh_humanoid":4,"minecraft:carrot":1,"minecraft:potato":1,"vampirism:vampire_blood_bottle":2,"minecraft:iron_chestplate":1,"minecraft:andesite":22,"minecraft:quartz_block":1,"minecraft:melon_seeds":2,"minecraft:spider_eye":5,"minecraft:iron_bars":16,"minecraft:bow":2,"minecraft:stone_pickaxe":1},"minecraft:mined":{"minecraft:diamond_ore":1,"minecraft:tuff":1,"minecraft:mossy_cobblestone":2,"minecraft:deepslate_diamond_ore":13,"minecraft:granite":1,"minecraft:grass_block":4,"vampirism:dark_spruce_log":17,"minecraft:spawner":14,"minecraft:carrots":52,"minecraft:iron_ore":24,"minecraft:andesite":6,"minecraft:deepslate_iron_ore":13,"minecraft:oak_stairs":1,"minecraft:iron_bars":8,"minecraft:stone":73,"minecraft:dandelion":1,"minecraft:torch":6,"minecraft:sculk_sensor":1,"minecraft:tall_grass":3,"minecraft:cobblestone":10,"minecraft:lapis_ore":9,"minecraft:deepslate_gold_ore":4,"minecraft:diorite":2,"minecraft:wall_torch":4,"vampirism:dark_spruce_leaves":7,"minecraft:grass":16,"minecraft:coal_ore":114,"vampirism:garlic_diffuser_improved":1,"minecraft:sand":2,"minecraft:dirt":3,"minecraft:gold_ore":2,"minecraft:deepslate":6,"minecraft:infested_stone":1},"minecraft:picked_up":{"minecraft:iron_chestplate":1,"minecraft:crafting_table":1,"minecraft:chicken":5,"vampirism:dark_spruce_log":54,"farmersdelight:rice_panicle":1,"minecraft:enchanted_book":1,"minecraft:shield":2,"minecraft:string":17,"minecraft:iron_axe":1,"minecraft:iron_leggings":1,"minecraft:cobbled_deepslate":121,"minecraft:bucket":1,"minecraft:beef":6,"minecraft:iron_pickaxe":2,"minecraft:furnace":1,"minecraft:egg":1,"duckling:raw_duck":3,"minecraft:stick":6,"minecraft:raw_iron":37,"minecraft:torch":13,"sophisticatedbackpacks:backpack":2,"minecraft:porkchop":1,"minecraft:diorite":24,"tombstone:grave_dust":7,"vampirism:vampire_fang":4,"minecraft:carrot":188,"evilcraft:box_of_eternal_closure":1,"minecraft:arrow":13,"minecraft:rotten_flesh":16,"sophisticatedbackpacks:copper_backpack":2,"minecraft:mutton":6,"minecraft:iron_bars":20,"minecraft:white_wool":3,"minecraft:cobblestone":197,"vampirism:garlic_diffuser_improved":1,"minecraft:feather":3,"vampirism:vampire_blood_bottle":2,"minecraft:cooked_beef":1,"minecraft:andesite":11,"minecraft:leather":6,"alexsmobs:skreecher_soul":2,"minecraft:potato":1,"paraglider:spirit_orb":28,"minecraft:tuff":5,"minecraft:oak_log":2,"evilcraft:flesh_humanoid":3,"minecraft:gunpowder":4,"minecraft:lapis_lazuli":67,"minecraft:dirt":7,"tombstone:gift":4,"minecraft:bone":20,"minecraft:bow":2,"minecraft:wheat_seeds":3,"minecraft:raw_gold":6,"minecraft:iron_ingot":10,"tombstone:bag_of_seeds":1,"minecraft:iron_sword":2,"duckling:duck_egg":1,"minecraft:sculk_catalyst":2,"minecraft:dandelion":1,"minecraft:sand":4,"vampirism:crucifix_normal":2,"minecraft:spider_eye":8,"alexsmobs:animal_dictionary":1,"minecraft:bundle":3,"minecraft:diamond":14,"minecraft:granite":6,"tombstone:magic_scroll":1,"minecraft:coal":115},"minecraft:killed_by":{"vampirism:advanced_vampire":2,"minecraft:vindicator":2,"minecraft:skeleton":1,"minecraft:zombie":6,"vampirism:vampire":1},"minecraft:killed":{"mca:female_zombie_villager":1,"vampirism:vampire":12,"vampirism:advanced_vampire":2,"minecraft:spider":11,"minecraft:skeleton":25,"minecraft:horse":3,"minecraft:chicken":3,"minecraft:silverfish":1,"alexsmobs:centipede_head":1,"duckling:duck":2,"minecraft:sheep":3,"minecraft:pillager":8,"minecraft:zombie":27,"alexsmobs:fly":1,"minecraft:cow":3}},"DataVersion":3465}