{"stats":{"minecraft:broken":{"minecraft:iron_boots":3,"minecraft:iron_chestplate":2,"minecraft:iron_leggings":1,"minecraft:iron_axe":1,"minecraft:iron_sword":3,"minecraft:iron_helmet":2},"minecraft:used":{"tombstone:scroll_of_frost_resistance":1,"minecraft:shield":111,"minecraft:iron_sword":787,"vampirism:item_alchemical_fire":1,"minecraft:cooked_salmon":7,"minecraft:cooked_chicken":4,"minecraft:torch":462,"minecraft:dirt":10,"tombstone:scroll_of_aquatic_life":1,"minecraft:carrot":109,"minecraft:iron_axe":218,"evilcraft:box_of_eternal_closure":2,"minecraft:bow":11,"minecraft:golden_carrot":47,"vampirism:dark_spruce_log":8,"minecraft:cooked_cod":11,"duckling:duck_egg":1,"tombstone:gift":2,"minecraft:cooked_beef":23,"farmersdelight:tomato_seeds":1,"minecraft:egg":1,"minecraft:cobbled_deepslate":10,"minecraft:cooked_mutton":10,"minecraft:water_bucket":83,"minecraft:mossy_stone_bricks":1,"minecraft:diorite":2,"minecraft:oak_planks":1,"minecraft:stone_pickaxe":44,"minecraft:ender_pearl":1,"minecraft:mossy_cobblestone":1,"minecraft:oak_slab":3,"vampirism:garlic_diffuser_improved":1,"tombstone:tablet_of_home":1,"minecraft:iron_pickaxe":346,"minecraft:bread":3,"minecraft:jungle_stairs":2,"tombstone:magic_scroll":6,"tombstone:grave_key":13,"minecraft:stone_axe":52,"minecraft:cobblestone":77,"minecraft:potion":1,"minecraft:cooked_porkchop":4,"minecraft:andesite":2,"minecraft:bucket":83,"minecraft:oak_boat":4,"alexsmobs:animal_dictionary":1,"minecraft:bone_meal":97,"minecraft:experience_bottle":1},"minecraft:custom":{"minecraft:mob_kills":187,"minecraft:interact_with_crafting_table":17,"minecraft:open_barrel":28,"minecraft:damage_dealt_resisted":542,"minecraft:eat_cake_slice":3,"minecraft:leave_game":6,"minecraft:time_since_death":25782,"minecraft:climb_one_cm":13534,"minecraft:sprint_one_cm":962841,"minecraft:walk_one_cm":923873,"minecraft:damage_blocked_by_shield":685,"minecraft:drop":178,"vampirism:interact_with_totem":2,"minecraft:damage_dealt_absorbed":80,"minecraft:talked_to_villager":1,"minecraft:play_time":371480,"minecraft:sneak_time":15341,"minecraft:deaths":26,"minecraft:walk_under_water_one_cm":77811,"minecraft:boat_one_cm":78840,"minecraft:jump":4423,"minecraft:walk_on_water_one_cm":100243,"minecraft:total_world_time":371480,"spartanshields:shield_bash_hits":6,"minecraft:interact_with_furnace":64,"tombstone:raider_killed":17,"vampirism:interact_with_research_table":5,"vampirism:interact_with_garlic_diffuser":6,"minecraft:sleep_in_bed":6,"minecraft:time_since_rest":25519,"minecraft:damage_absorbed":120,"minecraft:damage_taken":17074,"minecraft:trigger_trapped_chest":2,"minecraft:damage_dealt":38181,"tombstone:cast_on_ally":0,"minecraft:swim_one_cm":113816,"minecraft:fly_one_cm":862711,"minecraft:crouch_one_cm":41852,"minecraft:open_chest":363,"tombstone:undead_killed":107,"minecraft:fall_one_cm":157213,"minecraft:horse_one_cm":1845},"minecraft:crafted":{"minecraft:golden_carrot":48,"minecraft:oak_planks":24,"minecraft:cooked_chicken":4,"minecraft:bone_meal":201,"minecraft:cooked_mutton":8,"minecraft:iron_boots":2,"minecraft:iron_axe":2,"minecraft:stone_pickaxe":1,"minecraft:cooked_beef":11,"minecraft:cooked_cod":11,"minecraft:cooked_porkchop":1,"minecraft:iron_helmet":2,"minecraft:iron_sword":1,"duckling:cooked_duck":2,"minecraft:cooked_salmon":21,"minecraft:stone_axe":1,"minecraft:air":0,"minecraft:jungle_planks":4,"minecraft:oak_boat":1,"minecraft:iron_chestplate":1,"vampirism:dark_spruce_planks":32,"minecraft:gold_nugget":387,"minecraft:stick":136,"minecraft:iron_ingot":88,"minecraft:iron_pickaxe":2,"minecraft:stone_sword":1,"minecraft:iron_leggings":2,"minecraft:gold_ingot":49,"minecraft:torch":476,"minecraft:lapis_block":14},"minecraft:dropped":{"farmersdelight:tomato_seeds":8,"minecraft:golden_boots":1,"minecraft:iron_sword":1,"minecraft:oak_slab":1,"minecraft:wheat_seeds":5,"chococraft:gold_gysahl":1,"evilcraft:condensed_blood":44,"minecraft:iron_helmet":1,"minecraft:granite":6,"chococraft:gysahl_green_seeds":1,"paraglider:spirit_orb":30,"minecraft:dirt":7,"tombstone:bag_of_seeds":1,"minecraft:diorite":22,"evilcraft:broom":1,"minecraft:iron_door":1,"tombstone:grave_dust":8,"minecraft:potion":1,"minecraft:iron_leggings":1,"minecraft:gold_nugget":6,"minecraft:sand":2,"minecraft:iron_axe":1,"minecraft:iron_pickaxe":1,"minecraft:chainmail_leggings":1,"minecraft:string":23,"minecraft:lily_pad":1,"vampirism:garlic_bread":5,"minecraft:music_disc_cat":2,"minecraft:dandelion":1,"minecraft:bone":7,"minecraft:stone_axe":1,"alexsmobs:crocodile_scute":2,"minecraft:golden_chestplate":1,"minecraft:stone_sword":1,"alexsmobs:animal_dictionary":1,"minecraft:tuff":5,"minecraft:wheat":3,"tombstone:gift":8,"iceandfire:witherbone":1,"iceandfire:amphithere_feather":1,"minecraft:rotten_flesh":25,"minecraft:oak_planks":1,"minecraft:iron_boots":2,"evilcraft:flesh_humanoid":6,"minecraft:carrot":1,"minecraft:chainmail_chestplate":1,"minecraft:potato":2,"minecraft:tipped_arrow":2,"minecraft:shield":1,"vampirism:vampire_blood_bottle":2,"minecraft:iron_chestplate":1,"minecraft:andesite":22,"minecraft:quartz_block":1,"minecraft:melon_seeds":2,"minecraft:leather_boots":1,"minecraft:golden_leggings":2,"minecraft:chainmail_boots":1,"minecraft:stone_pressure_plate":1,"minecraft:spider_eye":5,"minecraft:iron_bars":22,"minecraft:bow":3,"minecraft:stone_pickaxe":1,"chococraft:gysahl_green":3},"minecraft:picked_up":{"minecraft:iron_chestplate":1,"minecraft:crafting_table":1,"minecraft:chicken":5,"minecraft:chainmail_boots":2,"iceandfire:witherbone":1,"vampirism:dark_spruce_log":54,"minecraft:leather_leggings":1,"minecraft:brown_mushroom":7,"farmersdelight:rice_panicle":1,"minecraft:enchanted_book":2,"minecraft:potion":3,"minecraft:shield":4,"minecraft:string":26,"minecraft:music_disc_cat":1,"minecraft:iron_axe":1,"minecraft:wooden_sword":1,"minecraft:iron_leggings":1,"minecraft:gold_nugget":26,"minecraft:cobbled_deepslate":121,"minecraft:bucket":1,"minecraft:beef":6,"minecraft:oak_boat":4,"minecraft:iron_pickaxe":2,"minecraft:melon_slice":3,"minecraft:chest":1,"minecraft:egg":1,"duckling:raw_duck":3,"minecraft:iron_boots":2,"minecraft:furnace":1,"minecraft:tipped_arrow":3,"minecraft:raw_iron":37,"minecraft:stick":13,"minecraft:torch":32,"sophisticatedbackpacks:backpack":2,"minecraft:porkchop":1,"tombstone:grave_dust":15,"minecraft:diorite":24,"vampirism:vampire_fang":4,"minecraft:carrot":189,"minecraft:golden_chestplate":1,"alexsmobs:crocodile_scute":2,"minecraft:stone_pressure_plate":1,"minecraft:stone_sword":1,"evilcraft:box_of_eternal_closure":1,"minecraft:arrow":33,"minecraft:rotten_flesh":38,"minecraft:jungle_stairs":2,"minecraft:gold_ingot":1,"sophisticatedbackpacks:copper_backpack":2,"minecraft:leather_horse_armor":1,"minecraft:mutton":6,"minecraft:iron_bars":38,"minecraft:white_wool":4,"minecraft:cobblestone":223,"vampirism:garlic_diffuser_improved":1,"vampirism:vampire_blood_bottle":2,"minecraft:feather":3,"minecraft:cooked_beef":1,"minecraft:iron_door":1,"minecraft:jungle_log":1,"minecraft:andesite":11,"minecraft:leather":6,"minecraft:golden_leggings":1,"alexsmobs:skreecher_soul":2,"minecraft:potato":2,"paraglider:spirit_orb":84,"minecraft:tuff":5,"minecraft:lily_pad":1,"minecraft:oak_log":4,"minecraft:chainmail_chestplate":2,"evilcraft:flesh_humanoid":3,"iceandfire:ectoplasm":1,"minecraft:golden_boots":1,"minecraft:gunpowder":8,"minecraft:lapis_lazuli":67,"minecraft:dirt":11,"tombstone:gift":4,"minecraft:cooked_mutton":1,"minecraft:leather_boots":3,"minecraft:bone":44,"chococraft:gysahl_green":3,"chococraft:gold_gysahl":1,"minecraft:bow":4,"minecraft:wheat_seeds":5,"minecraft:raw_gold":6,"minecraft:rabbit_hide":1,"minecraft:iron_ingot":11,"tombstone:bag_of_seeds":1,"minecraft:oak_planks":1,"minecraft:iron_sword":2,"duckling:duck_egg":1,"minecraft:sculk_catalyst":2,"iceandfire:amphithere_feather":1,"minecraft:oak_slab":4,"minecraft:dandelion":1,"vampirism:crucifix_normal":2,"minecraft:sand":4,"chococraft:gysahl_green_seeds":1,"minecraft:spider_eye":10,"alexsmobs:animal_dictionary":1,"minecraft:oak_wood":1,"minecraft:bundle":4,"tombstone:familiar_stone":1,"minecraft:diamond":14,"minecraft:chainmail_leggings":1,"minecraft:granite":6,"minecraft:emerald":5,"tombstone:magic_scroll":1,"minecraft:coal":115},"minecraft:mined":{"minecraft:diamond_ore":1,"minecraft:tuff":1,"minecraft:stone_pressure_plate":1,"minecraft:mossy_cobblestone":2,"minecraft:deepslate_diamond_ore":13,"minecraft:granite":1,"minecraft:nether_bricks":1,"minecraft:grass_block":4,"vampirism:dark_spruce_log":17,"minecraft:spawner":46,"minecraft:carrots":52,"minecraft:iron_ore":24,"minecraft:andesite":6,"chococraft:gysahl_green":1,"minecraft:deepslate_iron_ore":13,"iceandfire:gold_pile":2,"minecraft:vine":12,"minecraft:oak_stairs":1,"minecraft:iron_bars":26,"minecraft:stone":73,"minecraft:oak_slab":2,"minecraft:dandelion":1,"minecraft:torch":6,"minecraft:oak_wood":1,"minecraft:melon":1,"minecraft:sculk_sensor":1,"minecraft:tall_grass":3,"minecraft:cobblestone":10,"minecraft:deepslate_gold_ore":4,"minecraft:lapis_ore":9,"minecraft:oak_planks":1,"minecraft:iron_door":1,"minecraft:wall_torch":6,"minecraft:diorite":2,"vampirism:dark_spruce_leaves":7,"minecraft:grass":17,"minecraft:coal_ore":114,"minecraft:oak_log":3,"vampirism:garlic_diffuser_improved":1,"minecraft:sand":2,"minecraft:gravel":1,"minecraft:dirt":7,"minecraft:gold_ore":2,"minecraft:deepslate":6,"minecraft:infested_stone":1},"minecraft:killed_by":{"vampirism:advanced_vampire":2,"iceandfire:cyclops":1,"minecraft:creeper":1,"minecraft:vindicator":4,"minecraft:skeleton":2,"minecraft:zombie":10,"vampirism:vampire":1},"minecraft:killed":{"mca:female_zombie_villager":1,"vampirism:vampire":13,"minecraft:cave_spider":1,"vampirism:advanced_vampire":2,"minecraft:vindicator":9,"minecraft:spider":15,"minecraft:horse":3,"minecraft:skeleton":41,"minecraft:chicken":3,"minecraft:silverfish":5,"alexsmobs:centipede_head":1,"duckling:duck":2,"minecraft:creeper":1,"minecraft:sheep":3,"minecraft:pillager":8,"alexsmobs:crocodile":1,"minecraft:zombie":56,"iceandfire:ghost":4,"minecraft:stray":4,"alexsmobs:fly":1,"minecraft:wither_skeleton":1,"minecraft:cow":3}},"DataVersion":3465}